"IDNumber";"LastName";"FirstName";"Sex";"DOB";"Firstonlist"
"14400316";"Bogdanovic";"Rajko";"M";1931.11.15 0:00:00;1970.12.31 0:00:00
"4602757";"Kiffmeyer";"Constanz";"M";1951.2.27 0:00:00;1970.12.31 0:00:00
"14400057";"Kurajica";"Bojan";"M";1947.11.15 0:00:00;1970.12.31 0:00:00
"14500477777";"Minic";"Dragoljub";"M";1937.3.5 0:00:00;1970.12.31 0:00:00
"14500159";"Marangunic";"Srdjan";"M";1943.10.31 0:00:00;1970.12.31 0:00:00
"14500183";"Marovic";"Drazen";"M";1938.1.14 0:00:00;1970.12.31 0:00:00
"14500078";"Kovacevic";"Vlatko";"M";1942.3.26 0:00:00;1970.12.31 0:00:00
"14500264";"Antunac";"Goran";"M";1945.4.16 0:00:00;1970.12.31 0:00:00
"14600030";"Bukic";"Enver";"M";1937.12.2 0:00:00;1970.12.31 0:00:00
"14500280";"Bukal";"Vladimir";"M";1939.11.1 0:00:00;1970.12.31 0:00:00
"14600706";"Parma";"Bruno";"M";1941.12.30 0:00:00;1970.12.31 0:00:00
"14600730";"Planinec";"Albin";"M";1944.4.18 0:00:00;1970.12.31 0:00:00
"14600749";"Bajec";"Ivo";"M";1932.4.24 0:00:00;1970.12.31 0:00:00
"14600838";"Puc";"Stojan";"M";1921.4.9 0:00:00;1970.12.31 0:00:00
"14400537";"Kelecevic";"Nedeljko";"M";1947.3.11 0:00:00;1970.12.31 0:00:00
"14500566";"Bertok";"Mario";"M";1929.9.2 0:00:00;1970.12.31 0:00:00
"14600145";"Musil";"Vojko";"M";1945.8.18 0:00:00;1970.12.31 0:00:00
"14100215";"Podgaets";"Mikhail";"M";1947.7.23 0:00:00;1970.12.31 0:00:00
"900265";"Rajkovic";"Dusan";"M";1942.6.17 0:00:00;1970.12.31 0:00:00
"4601670";"Soos";"Bela";"M";1930.3.6 0:00:00;1970.12.31 0:00:00
"4601122";"Gerusel";"Mathias";"M";1938.2.5 0:00:00;1970.12.31 0:00:00
"4601033";"Besser";"Hans";"M";1935.2.4 0:00:00;1970.12.31 0:00:00
"4500369";"Etruk";"Rein T";"M";1938.3.22 0:00:00;1970.12.31 0:00:00
"4601076";"Kestler";"Hans-Guenther";"M";1939.12.12 0:00:00;1970.12.31 0:00:00
"14500230";"Grdinic";"Zvonimir";"M";1938.12.22 0:00:00;1970.12.31 0:00:00
"14100070";"Kuzmin";"Gennadi P";"M";1946.1.19 0:00:00;1970.12.31 0:00:00
"14600323";"Stupica";"Janesz";"M";1935.3.11 0:00:00;1970.12.31 0:00:00
"14100193";"Savon";"Vladimir A";"M";1940.9.26 0:00:00;1970.12.31 0:00:00
"14100096";"Tukmakov";"Vladimir B";"M";1946.3.15 0:00:00;1970.12.31 0:00:00
"14500094";"Cebalo";"Miso";"M";1945.2.6 0:00:00;1970.12.31 0:00:00
"14602059";"Mestrovic";"Zvonimir";"M";1944.10.17 0:00:00;1970.12.31 0:00:00
"14503239";"Ozanic";"Marijan";"M";1947.9.8 0:00:00;1970.12.31 0:00:00
"14500345";"Messing";"Hrvoje";"M";1940.7.26 0:00:00;1970.12.31 0:00:00
"4601360";"Schiffer";"Karl-Josef";"M";1937.2.25 0:00:00;1970.12.31 0:00:00
"2000113";"Dzindzichashvili";"Roman";"M";1944.5.5 0:00:00;1970.12.31 0:00:00
"2000857777";"Shamkovich";"Leonid";"M";1923.6.1 0:00:00;1970.12.31 0:00:00
"2000326";"Kaplan";"Julio P";"M";1950.7.25 0:00:00;1970.12.31 0:00:00
"2001098";"Bisguier";"Arthur B";"M";1929.10.8 0:00:00;1970.12.31 0:00:00
"2000016";"Fischer";"Robert J";"M";1943.3.9 0:00:00;1970.12.31 0:00:00
"2000270";"Lein";"Anatoly";"M";1931.3.28 0:00:00;1970.12.31 0:00:00
"2000385";"Byrne";"Robert E";"M";1928.4.20 0:00:00;1970.12.31 0:00:00
"14500752";"Ledic";"Tomislav";"M";1936.8.5 0:00:00;1970.12.31 0:00:00
"200271";"Beyen";"Roland";"M";1932.4.6 0:00:00;1970.12.31 0:00:00
"2500167";"Moles";"John";"M";1949.9.22 0:00:00;1970.12.31 0:00:00
"2000121";"Kavalek";"Lubomir";"M";1943.8.9 0:00:00;1970.12.31 0:00:00
"2000903";"Saidy";"Anthony F.";"M";1937.5.16 0:00:00;1970.12.31 0:00:00
"200050";"Rooze";"Jan";"M";1947.3.7 0:00:00;1970.12.31 0:00:00
"2000210";"Browne";"Walter S.";"M";1949.1.10 0:00:00;1970.12.31 0:00:00
"20006017777";"Reshevsky";"Samuel H.";"M";1911.11.26 0:00:00;1970.12.31 0:00:00
"2001055";"Minev";"Nikolay N";"M";1931.11.8 0:00:00;1970.12.31 0:00:00
"2000253";"Addison";"William G";"M";1933.11.28 0:00:00;1970.12.31 0:00:00
"1500198";"Vinje-Gulbrandsen";"Arne";"M";1943.3.27 0:00:00;1970.12.31 0:00:00
"4600185";"Dueball";"Juergen";"M";1945.3.29 0:00:00;1970.12.31 0:00:00
"14501082";"Gliksman";"Darko";"M";1937.10.6 0:00:00;1970.12.31 0:00:00
"1500236";"Wibe";"Terje";"M";1947.10.6 0:00:00;1970.12.31 0:00:00
"1500074";"Ogaard";"Leif";"M";1952.1.5 0:00:00;1970.12.31 0:00:00
"15000346";"Ilievski";"Dimitar";"M";1941.8.24 0:00:00;1970.12.31 0:00:00
"15000222";"Sofrevski";"Jovan";"M";1935.8.17 0:00:00;1970.12.31 0:00:00
"2000911";"Volovich";"Anatoly A";"M";1936.9.21 0:00:00;1970.12.31 0:00:00
"14900068";"Plachetka";"Jan";"M";1945.2.18 0:00:00;1970.12.31 0:00:00
"2000237";"Rogoff";"Kenneth S";"M";1953.3.22 0:00:00;1970.12.31 0:00:00
"1500147";"Hoen";"Ragnar";"M";1940.10.5 0:00:00;1970.12.31 0:00:00
"1500120";"Johannessen";"Svein";"M";1937.10.17 0:00:00;1970.12.31 0:00:00
"15000591";"Ilievski";"Borce";"M";1935.8.17 0:00:00;1970.12.31 0:00:00
"1500040";"Zwaig";"Arne";"M";1947.2.6 0:00:00;1970.12.31 0:00:00
"15000249777";"Nicevski";"Risto";"M";1945.6.28 0:00:00;1970.12.31 0:00:00
"2500043";"Patterson";"Nicholas J";"M";1947.6.9 0:00:00;1970.12.31 0:00:00
"14500639";"Damjanovic";"Mato";"M";1927.3.23 0:00:00;1970.12.31 0:00:00
"14901536";"Timoscenko";"Gennadij";"M";1949.4.27 0:00:00;1970.12.31 0:00:00
"600687";"Zinser";"Sylvain";"M";1936.11.24 0:00:00;1970.12.31 0:00:00
"4600789";"Maeder";"Karl-Heinz";"M";1948.10.17 0:00:00;1970.12.31 0:00:00
"601233777";"Mazzoni";"Guy";"M";1934.9.28 0:00:00;1970.12.31 0:00:00
"6300693777";"Bilyap";"Siracettin";"M";1923.11.17 0:00:00;1970.12.31 0:00:00
"600962";"Boutteville";"Cesar";"M";1917.6.24 0:00:00;1970.12.31 0:00:00
"601462";"Huguet";"Bernard";"M";1933.3.30 0:00:00;1970.12.31 0:00:00
"600350";"Simonovic";"Borko";"M";1920.1.1 0:00:00;1970.12.31 0:00:00
"5800200";"Giam";"Choo-Kwee";"M";1942.5.7 0:00:00;1970.12.31 0:00:00
"5800048";"Tan";"Lian-Ann";"M";1947.9.8 0:00:00;1970.12.31 0:00:00
"600199";"Pytel";"Krzysztof";"M";1945.5.15 0:00:00;1970.12.31 0:00:00
"600610777";"Thiellement";"Andre";"M";1906.1.1 0:00:00;1970.12.31 0:00:00
"600806";"Ducic";"Bogdan";"M";1948.9.30 0:00:00;1970.12.31 0:00:00
"3500519";"Boudy";"Julio";"M";1951.6.11 0:00:00;1970.12.31 0:00:00
"3500063";"Hernandez Onna";"Roman";"M";1949.11.23 0:00:00;1970.12.31 0:00:00
"3500250";"Rodriguez Cordoba";"Jesus";"M";1949.6.15 0:00:00;1970.12.31 0:00:00
"3500314";"Cobo Arteaga";"Eldis";"M";1929.1.9 0:00:00;1970.12.31 0:00:00
"6300090777";"Ibrahimoglu";"Ismet";"M";1951.3.18 0:00:00;1970.12.31 0:00:00
"5200075";"Balinas";"Rosendo C";"M";1941.9.10 0:00:00;1970.12.31 0:00:00
"900079";"Velimirovic";"Dragoljub";"M";1942.5.12 0:00:00;1970.12.31 0:00:00
"900230";"Matanovic";"Aleksandar";"M";1930.5.23 0:00:00;1970.12.31 0:00:00
"5200016";"Torre";"Eugenio";"M";1951.11.4 0:00:00;1970.12.31 0:00:00
"5200318";"Estimo";"Samuel";"M";1943.3.21 0:00:00;1970.12.31 0:00:00
"5400015777";"Caminade";"Andrija";"M";1936.3.11 0:00:00;1970.12.31 0:00:00
"5200237";"Lobigas";"Julian";"M";;1970.12.31 0:00:00
"600334";"Macles";"Jacques";"M";1945.7.8 0:00:00;1970.12.31 0:00:00
"5200520";"Bandal";"Rosendo";"M";;1970.12.31 0:00:00
"3500110";"Diaz Diaz";"Joaquin Carlos";"M";1948.7.5 0:00:00;1970.12.31 0:00:00
"5200040777";"Rodriguez";"Ruben";"M";1946.12.7 0:00:00;1970.12.31 0:00:00
"5200300";"Badilles";"Glicerio";"M";1921.12.21 0:00:00;1970.12.31 0:00:00
"5500010";"Bouaziz";"Slim";"M";1950.4.16 0:00:00;1970.12.31 0:00:00
"5500028";"Belkadi";"Ridha";"M";1925.4.25 0:00:00;1970.12.31 0:00:00
"5100143";"Acevedo Milan";"Armando";"M";1937.7.4 0:00:00;1970.12.31 0:00:00
"600024";"Spassky";"Boris  V.";"M";1937.1.30 0:00:00;1970.12.31 0:00:00
"5200148";"Naranja";"Renato";"M";1940.9.24 0:00:00;1970.12.31 0:00:00
"4602510";"Eising";"Johannes";"M";1935.5.30 0:00:00;1970.12.31 0:00:00
"4611462";"Moehring";"Guenther";"M";1936.11.25 0:00:00;1970.12.31 0:00:00
"4600061";"Schmid";"Lothar";"M";1928.5.10 0:00:00;1970.12.31 0:00:00
"44547";"Donner";"Jan H.";"M";1927.7.6 0:00:00;1970.12.31 0:00:00
"4611551";"Pollak";"Georg";"M";1946.6.12 0:00:00;1970.12.31 0:00:00
"4611594";"Hennings";"Artur";"M";1940.7.11 0:00:00;1970.12.31 0:00:00
"4600010";"Huebner";"Robert";"M";1948.11.6 0:00:00;1970.12.31 0:00:00
"3500179";"Garcia Martinez";"Silvino";"M";1944.7.4 0:00:00;1970.12.31 0:00:00
"4600150";"Darga";"Klaus";"M";1934.2.24 0:00:00;1970.12.31 0:00:00
"4611373777";"Pietzsch";"Wolfgang";"M";1930.12.21 0:00:00;1970.12.31 0:00:00
"4605977";"Jahr";"Ulrich";"M";1927.2.15 0:00:00;1970.12.31 0:00:00
"4608313";"Teufel";"Juergen";"M";1946.7.2 0:00:00;1970.12.31 0:00:00
"4603850";"Teschner";"Rudolf";"M";1922.2.16 0:00:00;1970.12.31 0:00:00
"4603230777";"Lehmann";"Heinz";"M";1921.10.20 0:00:00;1970.12.31 0:00:00
"4603184";"Christoph";"Manfred";"M";1931.5.28 0:00:00;1970.12.31 0:00:00
"4602978";"Juhnke";"Karl";"M";1948.8.23 0:00:00;1970.12.31 0:00:00
"4600029";"Hort";"Vlastimil";"M";1944.1.12 0:00:00;1970.12.31 0:00:00
"4611276";"Espig";"Lutz";"M";1949.1.5 0:00:00;1970.12.31 0:00:00
"2000423";"Zuckerman";"Bernard";"M";1943.3.31 0:00:00;1970.12.31 0:00:00
"3600033";"Yepez";"Olavo";"M";1937.8.20 0:00:00;1970.12.31 0:00:00
"35556";"Maric";"Rudolf";"M";1927.5.13 0:00:00;1970.12.31 0:00:00
"4600126";"Unzicker";"Wolfgang";"M";1925.6.26 0:00:00;1970.12.31 0:00:00
"4600436";"Klundt";"Klaus";"M";1941.12.25 0:00:00;1970.12.31 0:00:00
"4600320";"Hecht";"Hans-Joachim";"M";1939.1.29 0:00:00;1970.12.31 0:00:00
"4611438";"Liebert";"Heinz";"M";1936.5.24 0:00:00;1970.12.31 0:00:00
"4611250";"Knaak";"Rainer";"M";1953.3.16 0:00:00;1970.12.31 0:00:00
"4600339";"Mohrlock";"Dieter";"M";1938.11.4 0:00:00;1970.12.31 0:00:00
"4611284";"Uhlmann";"Wolfgang";"M";1935.3.20 0:00:00;1970.12.31 0:00:00
"4611292";"Vogt";"Lothar";"M";1952.1.17 0:00:00;1970.12.31 0:00:00
"4500059";"Nei";"Iivo";"M";1931.10.31 0:00:00;1970.12.31 0:00:00
"4611330";"Malich";"Burkhard";"M";1936.11.29 0:00:00;1970.12.31 0:00:00
"4611357";"Fuchs";"Reinhard";"M";1934.9.28 0:00:00;1970.12.31 0:00:00
"4600592";"Capelan";"Guenter";"M";1932.7.28 0:00:00;1970.12.31 0:00:00
"3500241";"Jimenez";"Eleazar";"M";1928.6.25 0:00:00;1970.12.31 0:00:00
"4611624";"Neukirch";"Detlef";"M";1940.8.9 0:00:00;1970.12.31 0:00:00
"400394";"Lee";"Peter N.";"M";1943.11.21 0:00:00;1970.12.31 0:00:00
"1900102";"Cordovil";"Joao";"M";1946.4.23 0:00:00;1970.12.31 0:00:00
"4101529";"Averbakh";"Yuri L";"M";1922.2.8 0:00:00;1970.12.31 0:00:00
"4101383";"Zhukhovitsky";"Samuel";"M";1916.12.12 0:00:00;1970.12.31 0:00:00
"4103017";"Zaitsev";"Igor A";"M";1938.5.27 0:00:00;1970.12.31 0:00:00
"401226";"Friedgood";"David";"M";1946.7.11 0:00:00;1970.12.31 0:00:00
"401200";"Corden";"Martyn J.";"M";1951.1.12 0:00:00;1970.12.31 0:00:00
"2200031";"Bellon Lopez";"Juan Manuel";"M";1950.5.8 0:00:00;1970.12.31 0:00:00
"401129";"Wade";"Robert G.";"M";1921.4.10 0:00:00;1970.12.31 0:00:00
"2200279";"Calvo Minguez";"Ricardo";"M";1943.10.22 0:00:00;1970.12.31 0:00:00
"400904";"Littlewood";"John E.";"M";1931.5.25 0:00:00;1970.12.31 0:00:00
"4106750777";"Antoshin";"Vladimir S.";"M";1929.5.14 0:00:00;1970.12.31 0:00:00
"400831";"Whiteley";"Andrew J.";"M";1947.6.9 0:00:00;1970.12.31 0:00:00
"4103173";"Nikitin";"Aleksander S";"M";1935.1.27 0:00:00;1970.12.31 0:00:00
"4103246777";"Yudovich";"Mikhail M.";"M";1911.6.8 0:00:00;1970.12.31 0:00:00
"4103424";"Khasin";"Abram";"M";1923.2.15 0:00:00;1970.12.31 0:00:00
"4102061777";"Vladimirov";"Boris T";"M";1929.5.17 0:00:00;1970.12.31 0:00:00
"2100010";"Mecking";"Henrique";"M";1952.1.23 0:00:00;1970.12.31 0:00:00
"4400291";"De Greif";"Boris";"M";1930.2.13 0:00:00;1970.12.31 0:00:00
"654321";"Wright";"Daniel";"M";1947.1.27 0:00:00;1970.12.31 0:00:00
"6378";"Macskasy";"Elod";"M";1919.4.17 0:00:00;1970.12.31 0:00:00
"2100240";"German";"Eugenio";"M";1930.10.24 0:00:00;1970.12.31 0:00:00
"2100053";"Van Riemsdijk";"Herman C.";"M";1948.8.26 0:00:00;1970.12.31 0:00:00
"2100150";"Segal";"Alexandru Sorin";"M";1947.10.4 0:00:00;1970.12.31 0:00:00
"2203189";"Rodriguez Vargas";"Orestes";"M";1943.7.4 0:00:00;1970.12.31 0:00:00
"2100193";"Camara";"Helder";"M";1937.2.7 0:00:00;1970.12.31 0:00:00
"4103092777";"Grigorian";"Karen A.";"M";1947.9.7 0:00:00;1970.12.31 0:00:00
"2200686";"Visier Segovia";"Fernando";"M";1943.2.3 0:00:00;1970.12.31 0:00:00
"2200449";"Pomar Salamanca";"Arturo";"M";1931.9.1 0:00:00;1970.12.31 0:00:00
"2200309777";"Medina-Garcia";"Antonio";"M";1919.10.2 0:00:00;1970.12.31 0:00:00
"2200090";"Toran Albero";"Roman";"M";1931.10.9 0:00:00;1970.12.31 0:00:00
"2200155";"Diez Del Corral";"Jesus";"M";1933.4.6 0:00:00;1970.12.31 0:00:00
"2200821";"Saborido Carre";"Rafael";"M";1927.5.21 0:00:00;1970.12.31 0:00:00
"2100185";"Rocha";"Antonio";"M";1944.6.13 0:00:00;1970.12.31 0:00:00
"4103980";"Kozlov";"Vladimir N";"M";1950.5.31 0:00:00;1970.12.31 0:00:00
"4100131777";"Polugaevsky";"Lev";"M";1934.11.20 0:00:00;1970.12.31 0:00:00
"3900061";"Villarroel";"Geber";"M";;1970.12.31 0:00:00
"4103653777";"Moisieev";"Oleg L";"M";1925.5.6 0:00:00;1970.12.31 0:00:00
"400262";"Hartston";"William R.";"M";1947.8.12 0:00:00;1970.12.31 0:00:00
"3900142";"Schorr";"Leon";"M";;1970.12.31 0:00:00
"4103823";"Ilivitzki";"Georgi A";"M";1921.4.30 0:00:00;1970.12.31 0:00:00
"400505";"Basman";"Michael J.";"M";1946.3.16 0:00:00;1970.12.31 0:00:00
"400211";"Keene";"Raymond D.";"M";1948.1.29 0:00:00;1970.12.31 0:00:00
"4100921";"Tseshkovsky";"Vitaly";"M";1944.9.25 0:00:00;1970.12.31 0:00:00
"400360";"Penrose";"Jonathan";"M";1933.10.7 0:00:00;1970.12.31 0:00:00
"4104072777";"Tarva";"Udo";"M";1934.4.30 0:00:00;1970.12.31 0:00:00
"4104838777";"Lutikov";"Anatoly S.";"M";1933.2.5 0:00:00;1970.12.31 0:00:00
"4101910";"Sergievsky";"Vladimir D.";"M";1936.10.3 0:00:00;1970.12.31 0:00:00
"4104668";"Suetin";"Alexey S.";"M";1926.11.16 0:00:00;1970.12.31 0:00:00
"300640";"Mista";"Ladislav";"M";1948.10.31 0:00:00;1970.12.31 0:00:00
"4103564";"Zakharov";"Alexander";"M";1943.10.7 0:00:00;1970.12.31 0:00:00
"4101359";"Bronstein";"David";"M";1924.2.19 0:00:00;1970.12.31 0:00:00
"4300076";"Evans";"Chris A";"M";1945.7.22 0:00:00;1970.12.31 0:00:00
"4100760";"Taimanov";"Mark E";"M";1926.2.7 0:00:00;1970.12.31 0:00:00
"4100581777";"Geller";"Efim P";"M";1925.3.8 0:00:00;1970.12.31 0:00:00
"4100565";"Krogius";"Nikolai V";"M";1930.7.22 0:00:00;1970.12.31 0:00:00
"4100522";"Vasiukov";"Evgeni";"M";1933.3.5 0:00:00;1970.12.31 0:00:00
"4100310";"Smyslov";"Vassily";"M";1921.3.24 0:00:00;1970.12.31 0:00:00
"401056";"Clarke";"Peter H.";"M";1933.3.18 0:00:00;1970.12.31 0:00:00
"4100263";"Balashov";"Yuri S";"M";1949.3.12 0:00:00;1970.12.31 0:00:00
"4101090";"Kholmov";"Ratmir D";"M";1925.5.13 0:00:00;1970.12.31 0:00:00
"4100026";"Karpov";"Anatoly";"M";1951.5.23 0:00:00;1970.12.31 0:00:00
"4102703";"Faibisovich";"Vadim Z";"M";1944.5.8 0:00:00;1970.12.31 0:00:00
"4102118";"Osnos";"Viatcheslav";"M";1935.7.24 0:00:00;1970.12.31 0:00:00
"4102134777";"Platonov";"Igor V";"M";1934.1.18 0:00:00;1970.12.31 0:00:00
"4102177";"Cherepkov";"Alexander V";"M";1920.10.30 0:00:00;1970.12.31 0:00:00
"4102231";"Nikolaevsky";"Yuri V";"M";1937.2.14 0:00:00;1970.12.31 0:00:00
"4101650";"Anikaev";"Yuri N";"M";1948.6.29 0:00:00;1970.12.31 0:00:00
"4100301";"Razuvaev";"Yuri S";"M";1945.10.10 0:00:00;1970.12.31 0:00:00
"2300141";"Kristinsson";"Jon";"M";1942.6.17 0:00:00;1970.12.31 0:00:00
"1300105";"Partos";"Charles";"M";1936.8.10 0:00:00;1970.12.31 0:00:00
"13300016";"Vaganian";"Rafael A";"M";1951.10.15 0:00:00;1970.12.31 0:00:00
"1300091";"Lombard";"Andre";"M";1950.9.19 0:00:00;1970.12.31 0:00:00
"1300296";"Hohler";"Peter";"M";1941.4.13 0:00:00;1970.12.31 0:00:00
"1300288";"Bhend";"Edwin";"M";1931.9.9 0:00:00;1970.12.31 0:00:00
"2300095";"Johannsson";"Ingi R";"M";1936.12.5 0:00:00;1970.12.31 0:00:00
"2400120";"Levy";"David N.L.";"M";1945.3.14 0:00:00;1970.12.31 0:00:00
"2300346";"Kristjansson";"Bragi";"M";1945.1.8 0:00:00;1970.12.31 0:00:00
"1300598";"Castagna";"Rino";"M";1936.6.5 0:00:00;1970.12.31 0:00:00
"2300389";"Benedictsson";"Benony";"M";1917.11.3 0:00:00;1970.12.31 0:00:00
"2300460";"Solmundarsson";"Magnus";"M";1939.11.14 0:00:00;1970.12.31 0:00:00
"2300222";"Torfason";"Jon";"M";1949.3.27 0:00:00;1970.12.31 0:00:00
"2300079";"Sigurjonsson";"Gudmundur";"M";1947.9.25 0:00:00;1970.12.31 0:00:00
"2300052";"Olafsson";"Fridrik";"M";1935.1.26 0:00:00;1970.12.31 0:00:00
"4400232777";"Cuellar Gacharna";"Miguel";"M";1916.11.18 0:00:00;1970.12.31 0:00:00
"2300184";"Thorsteinsson";"Bjorn";"M";1940.1.7 0:00:00;1970.12.31 0:00:00
"200158";"Cornelis";"Frans B.";"M";1942.1.6 0:00:00;1970.12.31 0:00:00
"4600100";"Pfleger";"Helmut";"M";1943.8.6 0:00:00;1970.12.31 0:00:00
"2015307";"Gufeld";"Eduard";"M";1936.3.19 0:00:00;1970.12.31 0:00:00
"2000610";"Ghizdavu";"Dumitru";"M";1949.5.21 0:00:00;1970.12.31 0:00:00
"2000440";"Mednis";"Edmar J";"M";1937.3.22 0:00:00;1970.12.31 0:00:00
"2003430";"Wagman";"Stuart";"M";1919.5.14 0:00:00;1970.12.31 0:00:00
"1900250";"Durao";"Joaquim";"M";1930.10.25 0:00:00;1970.12.31 0:00:00
"1300121";"Kupper";"Josef";"M";1932.3.10 0:00:00;1970.12.31 0:00:00
"200093";"Boey";"Josef";"M";1934.5.16 0:00:00;1970.12.31 0:00:00
"1306855";"Paoli";"Enrico";"M";1908.1.13 0:00:00;1970.12.31 0:00:00
"2000369";"Evans";"Larry M.";"M";1932.3.22 0:00:00;1970.12.31 0:00:00
"1300156";"Keller";"Dieter";"M";1936.7.19 0:00:00;1970.12.31 0:00:00
"1300229";"Glauser";"Hansruedi";"M";1945.6.28 0:00:00;1970.12.31 0:00:00
"1300199";"Persitz";"Raaphi";"M";1934.5.26 0:00:00;1970.12.31 0:00:00
"1300016";"Korchnoi";"Viktor";"M";1931.3.23 0:00:00;1970.12.31 0:00:00
"1300415";"Schaufelberger";"Heinz";"M";1947.11.19 0:00:00;1970.12.31 0:00:00
"2400170";"Davie";"Alexander M";"M";1946.4.4 0:00:00;1970.12.31 0:00:00
"2000687";"Benko";"Pal C";"M";1928.7.15 0:00:00;1970.12.31 0:00:00
"4200144";"Skalkotas";"Nikolaos";"M";1949.9.21 0:00:00;1970.12.31 0:00:00
"2800284";"Kagan";"Shimon";"M";1942.4.6 0:00:00;1970.12.31 0:00:00
"2600137";"Day";"Lawrence A.";"M";1949.2.1 0:00:00;1970.12.31 0:00:00
"2800446";"Peretz";"Malkiel";"M";1943.6.9 0:00:00;1970.12.31 0:00:00
"500372";"Havansi";"Erkki E.T.";"M";1941.7.11 0:00:00;1970.12.31 0:00:00
"4200640";"Vizantiadis";"Lazaros";"M";1938.4.2 0:00:00;1970.12.31 0:00:00
"4200179";"Kokkoris";"Hristos";"M";1942.9.16 0:00:00;1970.12.31 0:00:00
"2300575";"Magnusson";"Olafuv";"M";1938.11.15 0:00:00;1970.12.31 0:00:00
"4200101";"Siaperas";"Triantafyllos";"M";1932.8.1 0:00:00;1970.12.31 0:00:00
"2600390";"Vranesic";"Zvonko";"M";1938.10.4 0:00:00;1970.12.31 0:00:00
"4200055";"Gesos";"Pavlos";"M";1945.5.25 0:00:00;1970.12.31 0:00:00
"4400097";"Cuartas";"Carlos";"M";1940.8.15 0:00:00;1970.12.31 0:00:00
"4300025777";"Sarapu";"Ortvin";"M";1924.1.22 0:00:00;1970.12.31 0:00:00
"4400178";"Alzate";"Javier";"M";1935.1.1 0:00:00;1970.12.31 0:00:00
"4300173";"Anderson";"Bruce R";"M";1948.9.4 0:00:00;1970.12.31 0:00:00
"2000415";"Lombardy";"William J";"M";1937.12.4 0:00:00;1970.12.31 0:00:00
"4200314";"Kazilaris";"Nikolaos";"M";1942.2.24 0:00:00;1970.12.31 0:00:00
"2800187";"Kraidman";"Yair";"M";1932.11.1 0:00:00;1970.12.31 0:00:00
"2400065";"Pritchett";"Craig W";"M";1949.1.15 0:00:00;1970.12.31 0:00:00
"2400049";"McKay";"Roderick M";"M";1952.2.11 0:00:00;1970.12.31 0:00:00
"4662989";"Pachman";"Ludek";"M";1924.5.11 0:00:00;1970.12.31 0:00:00
"2800071777";"Liberzon";"Vladimir";"M";1937.3.23 0:00:00;1970.12.31 0:00:00
"2600161";"Amos";"Bruce M.";"M";1946.12.30 0:00:00;1970.12.31 0:00:00
"2600471";"Allan";"Denis";"M";1944.11.21 0:00:00;1970.12.31 0:00:00
"2801183";"Mashian";"Yaacov (Houschang)";"M";1938.12.17 0:00:00;1970.12.31 0:00:00
"2800349777";"Porat";"Yosef";"M";1909.6.7 0:00:00;1970.12.31 0:00:00
"26514";"Sandor";"Bela";"M";1919.12.14 0:00:00;1970.12.31 0:00:00
"2600056";"Suttles";"Duncan";"M";1945.12.21 0:00:00;1970.12.31 0:00:00
"2600439777";"Witt";"Laszlo";"M";1933.4.2 0:00:00;1970.12.31 0:00:00
"2800489";"Geller";"Uzi";"M";1931.1.27 0:00:00;1970.12.31 0:00:00
"27777710";"Keres";"Paul";"M";1916.1.7 0:00:00;1970.12.31 0:00:00
"2600080777";"Yanofsky";"Daniel A.";"M";1925.3.26 0:00:00;1970.12.31 0:00:00
"2600595";"Schulman";"Mark";"M";1937.11.11 0:00:00;1970.12.31 0:00:00
"4400275777";"Sanchez";"Luis A.";"M";1917.7.20 0:00:00;1970.12.31 0:00:00
"2800756";"Domnitz";"Zadok";"M";1933.10.15 0:00:00;1970.12.31 0:00:00
"1600168";"Dueckstein";"Andreas";"M";1927.8.2 0:00:00;1970.12.31 0:00:00
"1700596";"Ek";"Hans";"M";1928.10.6 0:00:00;1970.12.31 0:00:00
"1700189";"Jansson";"Borje";"M";1942.3.12 0:00:00;1970.12.31 0:00:00
"1600052";"Robatsch";"Karl";"M";1928.10.14 0:00:00;1970.12.31 0:00:00
"1600389";"Kinzel";"Anton";"M";1921.1.9 0:00:00;1970.12.31 0:00:00
"1601288";"Stoppel";"Franz";"M";1931.10.3 0:00:00;1970.12.31 0:00:00
"1701460";"Pietrusiak";"Bogdan";"M";1933.7.14 0:00:00;1970.12.31 0:00:00
"1700138777";"Johansson";"Martin";"M";1918.8.6 0:00:00;1970.12.31 0:00:00
"1600109";"Prameshuber";"Aleksander";"M";1926.11.20 0:00:00;1970.12.31 0:00:00
"900060";"Todorcevic Antic";"Miodrag";"M";1940.11.10 0:00:00;1970.12.31 0:00:00
"1600141";"Holaszek";"Hans";"M";1944.1.5 0:00:00;1970.12.31 0:00:00
"1701070";"Olsson";"Ake";"M";1934.5.3 0:00:00;1970.12.31 0:00:00
"1601598";"Strauss";"Anton";"M";1940.3.3 0:00:00;1970.12.31 0:00:00
"1601377";"Steiner";"Ulrich A.";"M";1939.12.3 0:00:00;1970.12.31 0:00:00
"1601547";"Beni";"Alfred";"M";1923.6.3 0:00:00;1970.12.31 0:00:00
"700401777";"Vadasz";"Laszlo";"M";1948.1.27 0:00:00;1970.12.31 0:00:00
"1700340";"Kinnmark";"Ove";"M";1944.12.24 0:00:00;1970.12.31 0:00:00
"1201085777";"Voiculescu";"Paul";"M";1931.9.25 0:00:00;1970.12.31 0:00:00
"77777344";"Czerniak";"Moshe";"M";1910.2.3 0:00:00;1970.12.31 0:00:00
"3400280";"Ader";"Walter";"M";1913.11.7 0:00:00;1970.12.31 0:00:00
"3400450";"Letelier Martner";"Rene";"M";1915.9.21 0:00:00;1970.12.31 0:00:00
"1200780";"Reicher";"Emanoil-George";"M";1930.3.27 0:00:00;1970.12.31 0:00:00
"11600080";"Gipslis";"Aivars";"M";1937.2.8 0:00:00;1970.12.31 0:00:00
"1200119";"Ghitescu";"Theodor";"M";1934.1.24 0:00:00;1970.12.31 0:00:00
"12500011";"Harandi";"Khosro";"M";1950.9.1 0:00:00;1970.12.31 0:00:00
"1200267";"Urzica";"Aurel";"M";1952.11.11 0:00:00;1970.12.31 0:00:00
"1200232";"Ungureanu";"Emil";"M";1936.11.1 0:00:00;1970.12.31 0:00:00
"1200305777";"Mititelu";"Gheorghe";"M";1934.10.30 0:00:00;1970.12.31 0:00:00
"1200933777";"Troianescu";"Octavio";"M";1916.2.6 0:00:00;1970.12.31 0:00:00
"11600063777";"Bagirov";"Vladimir";"M";1936.8.16 0:00:00;1970.12.31 0:00:00
"1200720";"Stanciu";"Traian";"M";1935.9.14 0:00:00;1970.12.31 0:00:00
"4611721";"Baumbach";"Friedrich";"M";1935.9.8 0:00:00;1970.12.31 0:00:00
"1200011";"Gheorghiu";"Florin";"M";1944.4.6 0:00:00;1970.12.31 0:00:00
"16985";"Book";"Eero Elinar";"M";1910.2.9 0:00:00;1970.12.31 0:00:00
"11600020";"Tal";"Mikhail N.";"M";1936.11.9 0:00:00;1970.12.31 0:00:00
"7777795";"Barcza";"Gedeon";"M";1911.8.21 0:00:00;1970.12.31 0:00:00
"777771483";"O'Kelly de Galway";"Alberic";"M";1911.5.17 0:00:00;1970.12.31 0:00:00
"777778204";"Nilsson";"Zandor";"M";1913.7.2 0:00:00;1970.12.31 0:00:00
"777778205";"Skold";"Kristian";"M";1911.9.26 0:00:00;1970.12.31 0:00:00
"777778209";"Nezmetdinov";"Rashid";"M";1912.12.15 0:00:00;1970.12.31 0:00:00
"777778214";"Stein";"Leonid";"M";1934.11.12 0:00:00;1970.12.31 0:00:00
"777778217";"Zaitsev";"Alexander";"M";1935.6.15 0:00:00;1970.12.31 0:00:00
"1600540";"Roehrl";"Karl";"M";1941.1.11 0:00:00;1970.12.31 0:00:00
"777778999";"Szabo";"Julius";"M";1933.8.24 0:00:00;1970.12.31 0:00:00
"777776009";"Boleslavsky";"Isaac";"M";1919.6.9 0:00:00;1970.12.31 0:00:00
"777778124";"Hemmassi";"Nasser";"M";1940.1.1 0:00:00;1970.12.31 0:00:00
"777771936";"Suer";"Nevzat";"M";1925.1.1 0:00:00;1970.12.31 0:00:00
"777772224";"Zinn";"Lothar";"M";1938.3.19 0:00:00;1970.12.31 0:00:00
"777773008";"Luckis";"Marcos";"M";1905.1.17 0:00:00;1970.12.31 0:00:00
"777772183";"Wotulo";"Max Arie";"M";1932.8.5 0:00:00;1970.12.31 0:00:00
"77777309";"Ciocaltea";"Victor";"M";1932.1.16 0:00:00;1970.12.31 0:00:00
"777778479";"Safvat";"Younus";"M";1940.1.1 0:00:00;1970.12.31 0:00:00
"77777796";"Heidenfeld";"Wolfgang";"M";1911.5.29 0:00:00;1970.12.31 0:00:00
"1700014";"Andersson";"Ulf";"M";1951.6.27 0:00:00;1970.12.31 0:00:00
"777778151";"Samisch";"Fritz";"M";;1970.12.31 0:00:00
"777776021";"Canal";"Esteban";"M";;1970.12.31 0:00:00
"777776050";"Fairhurst";"William";"M";1903.8.21 0:00:00;1970.12.31 0:00:00
"777776222";"Furman";"Semen";"M";1920.12.1 0:00:00;1970.12.31 0:00:00
"77777628";"Gereben";"Erno";"M";1907.6.18 0:00:00;1970.12.31 0:00:00
"777778199";"Van Den Berg";"Carel";"M";1924.2.12 0:00:00;1970.12.31 0:00:00
"777771596";"Pilnik";"Herman";"M";1914.1.8 0:00:00;1970.12.31 0:00:00
"777778192";"Szily";"Jozsef";"M";1913.10.2 0:00:00;1970.12.31 0:00:00
"777771579";"Petrosian";"Tigran";"M";1929.6.17 0:00:00;1970.12.31 0:00:00
"777778107";"Kramer";"Haije";"M";1917.11.24 0:00:00;1970.12.31 0:00:00
"777778113";"Lewi";"Jerzy";"M";1949.4.22 0:00:00;1970.12.31 0:00:00
"777778123";"Hamdan";"I";"M";1938.1.1 0:00:00;1970.12.31 0:00:00
"7777797";"Barendregt";"Johan";"M";1924.2.16 0:00:00;1970.12.31 0:00:00
"777771509";"Ortega";"Rogelio";"M";1915.3.28 0:00:00;1970.12.31 0:00:00
"703397777";"Szilagyi";"Gyorgy";"M";1921.7.4 0:00:00;1970.12.31 0:00:00
"777777000";"Gilg";"Karl";"M";1901.1.14 0:00:00;1970.12.31 0:00:00
"2901358";"Pelitov";"Dimitar";"M";1930.6.12 0:00:00;1970.12.31 0:00:00
"300284777";"Janata";"Michael";"M";1944.2.27 0:00:00;1970.12.31 0:00:00
"300373";"Augustin";"Josef";"M";1942.5.18 0:00:00;1970.12.31 0:00:00
"2901080";"Atanasov";"Gospodin";"M";1951.6.27 0:00:00;1970.12.31 0:00:00
"2900076";"Kirov";"Nino";"M";1945.2.9 0:00:00;1970.12.31 0:00:00
"300020";"Smejkal";"Jan";"M";1946.3.22 0:00:00;1970.12.31 0:00:00
"2901706";"Arnaudov";"Petar";"M";1939.3.20 0:00:00;1970.12.31 0:00:00
"3200191";"Hamilton";"Douglas G.";"M";1941.8.15 0:00:00;1970.12.31 0:00:00
"300098";"Filip";"Miroslav";"M";1928.10.27 0:00:00;1970.12.31 0:00:00
"300233";"Trapl";"Jindrich";"M";1942.3.24 0:00:00;1970.12.31 0:00:00
"300764";"Blatny";"Frantisek";"M";1933.4.2 0:00:00;1970.12.31 0:00:00
"2900238";"Spiridonov";"Nikola";"M";1938.2.28 0:00:00;1970.12.31 0:00:00
"302260";"Novak";"Ervin";"M";1943.11.6 0:00:00;1970.12.31 0:00:00
"3200272";"Flatow";"Alfred";"M";1937.8.28 0:00:00;1970.12.31 0:00:00
"3200264777";"Shaw";"Terrey I.";"M";1946.10.12 0:00:00;1970.12.31 0:00:00
"700207";"Dely";"Peter";"M";1934.7.5 0:00:00;1970.12.31 0:00:00
"2901889";"Milev";"Zdravko";"M";1929.10.25 0:00:00;1970.12.31 0:00:00
"2900149";"Velikov";"Petar";"M";1951.3.30 0:00:00;1970.12.31 0:00:00
"2900173";"Popov";"Luben";"M";1936.1.28 0:00:00;1970.12.31 0:00:00
"2900190";"Padevsky";"Nikola";"M";1933.5.29 0:00:00;1970.12.31 0:00:00
"300187";"Pribyl";"Josef";"M";1947.10.12 0:00:00;1970.12.31 0:00:00
"2900220";"Spassov";"Liuben";"M";1943.3.22 0:00:00;1970.12.31 0:00:00
"2900246";"Kolarov";"Atanas S.";"M";1934.3.2 0:00:00;1970.12.31 0:00:00
"301728777";"Ujtelki";"Maximilijan";"M";1915.4.20 0:00:00;1970.12.31 0:00:00
"2900599";"Radev";"Nikolai";"M";1938.12.19 0:00:00;1970.12.31 0:00:00
"2900270777";"Bobotsov";"Milko G.";"M";1931.9.30 0:00:00;1970.12.31 0:00:00
"2900742";"Orev";"Petar";"M";1934.6.7 0:00:00;1970.12.31 0:00:00
"2900300";"Radulov";"Ivan";"M";1939.1.7 0:00:00;1970.12.31 0:00:00
"2900203";"Tringov";"Georgi P.";"M";1937.3.7 0:00:00;1970.12.31 0:00:00
"2901030";"Jankov";"Todor";"M";1922.1.1 0:00:00;1970.12.31 0:00:00
"2900378";"Peev";"Peicho";"M";1940.4.2 0:00:00;1970.12.31 0:00:00
"300446";"Kupka";"Slavoj";"M";1942.7.8 0:00:00;1970.12.31 0:00:00
"2900475";"Bohosjan";"Sarkis";"M";1941.3.27 0:00:00;1970.12.31 0:00:00
"3200124";"Fuller";"Maxwell L.";"M";1945.1.28 0:00:00;1970.12.31 0:00:00
"300128";"Jansa";"Vlastimil";"M";1942.11.27 0:00:00;1970.12.31 0:00:00
"700690";"Forintos";"Gyozo V";"M";1935.7.30 0:00:00;1970.12.31 0:00:00
"700851";"Barczay";"Laszlo";"M";1936.2.21 0:00:00;1970.12.31 0:00:00
"701513";"Sapi";"Laszlo";"M";1935.3.20 0:00:00;1970.12.31 0:00:00
"700029";"Sax";"Gyula";"M";1951.6.18 0:00:00;1970.12.31 0:00:00
"701092";"Filep";"Tibor";"M";1935.12.28 0:00:00;1970.12.31 0:00:00
"700436";"Lilienthal";"Andor";"M";1911.5.5 0:00:00;1970.12.31 0:00:00
"700134";"Farago";"Ivan";"M";1946.4.1 0:00:00;1970.12.31 0:00:00
"3100103";"Berrios";"Angel";"M";1943.5.8 0:00:00;1970.12.31 0:00:00
"701904";"Tabor";"Jozsef";"M";1936.4.3 0:00:00;1970.12.31 0:00:00
"7100205";"Bachtiar";"Arovah";"M";1934.3.25 0:00:00;1970.12.31 0:00:00
"6900011777";"Ulvestad";"Olaf";"M";1912.10.27 0:00:00;1970.12.31 0:00:00
"700037";"Portisch";"Lajos";"M";1937.4.4 0:00:00;1970.12.31 0:00:00
"700398";"Haag";"Ervin";"M";1933.1.11 0:00:00;1970.12.31 0:00:00
"700010";"Ribli";"Zoltan";"M";1951.9.6 0:00:00;1970.12.31 0:00:00
"700584777";"Kovacs";"Laszlo M.";"M";1938.10.5 0:00:00;1970.12.31 0:00:00
"700541";"Lengyel";"Levente";"M";1933.6.13 0:00:00;1970.12.31 0:00:00
"701769777";"Banfalvi";"Sander";"M";1914.4.14 0:00:00;1970.12.31 0:00:00
"701149777";"Navarovszky";"Laszlo";"M";1933.4.3 0:00:00;1970.12.31 0:00:00
"3700259";"Riego";"Victorio";"M";1932.2.1 0:00:00;1970.12.31 0:00:00
"3800059";"Quinones Carrillo";"Oscar";"M";1941.1.14 0:00:00;1970.12.31 0:00:00
"3700089";"Silva";"Raul";"M";1939.1.6 0:00:00;1970.12.31 0:00:00
"3800113";"Vasquez";"Julio E";"M";1943.10.19 0:00:00;1970.12.31 0:00:00
"700819777";"Honfi";"Karoly";"M";1930.10.25 0:00:00;1970.12.31 0:00:00
"702870";"Kluger";"Gyula";"M";1914.1.15 0:00:00;1970.12.31 0:00:00
"702080";"Kovacs";"Zoltan";"M";1944.4.20 0:00:00;1970.12.31 0:00:00
"700100";"Csom";"Istvan";"M";1940.6.2 0:00:00;1970.12.31 0:00:00
"700169";"Szabo";"Laszlo";"M";1917.3.19 0:00:00;1970.12.31 0:00:00
"701670";"Ozsvath";"Andras";"M";1929.8.19 0:00:00;1970.12.31 0:00:00
"7000049777";"Miyasaki";"Yukio";"M";1929.11.30 0:00:00;1970.12.31 0:00:00
"700320";"Liptay";"Laszlo";"M";1937.7.3 0:00:00;1970.12.31 0:00:00
"700525";"Bilek";"Istvan";"M";1932.8.11 0:00:00;1970.12.31 0:00:00
"700487";"Portisch";"Ferenc";"M";1939.4.9 0:00:00;1970.12.31 0:00:00
"7100027";"Ardiansyah";"Haji";"M";1951.12.5 0:00:00;1970.12.31 0:00:00
"1200410";"Drimer";"Dolfi";"M";1934.10.18 0:00:00;1970.12.31 0:00:00
"700096";"Adorjan";"Andras";"M";1950.3.31 0:00:00;1970.12.31 0:00:00
"4900057";"Lhagva";"Jambaldoo";"M";1944.9.10 0:00:00;1970.12.31 0:00:00
"906913777";"Cudina";"Ivan";"M";1940.1.1 0:00:00;1970.12.31 0:00:00
"4700090";"Konci";"Egrem";"M";;1970.12.31 0:00:00
"500135";"Sirkia";"Mauri O.";"M";1947.7.18 0:00:00;1970.12.31 0:00:00
"500119";"Ojanen";"Kaarle S.";"M";1918.12.4 0:00:00;1970.12.31 0:00:00
"500020";"Westerinen";"Heikki M.J.";"M";1944.4.27 0:00:00;1970.12.31 0:00:00
"4700058";"Adhami";"Vangjel";"M";;1970.12.31 0:00:00
"12777778145";"Neikirch";"Oleg";"M";1914.3.8 0:00:00;1970.12.31 0:00:00
"4900065";"Ujtumen";"Tudev";"M";1939.12.24 0:00:00;1970.12.31 0:00:00
"12777778224";"Udovcic";"Mijo";"M";1920.9.11 0:00:00;1970.12.31 0:00:00
"4700082";"Pustina";"Ylvi";"M";;1970.12.31 0:00:00
"4700066777";"Vila";"Florian";"M";1940.1.1 0:00:00;1970.12.31 0:00:00
"5000092";"Aaron";"Manuel";"M";1935.12.30 0:00:00;1970.12.31 0:00:00
"1000160";"Langeweg";"Kick";"M";1937.3.7 0:00:00;1970.12.31 0:00:00
"100153";"Panno";"Oscar";"M";1935.3.17 0:00:00;1970.12.31 0:00:00
"100056";"Bolbochan";"Julio";"M";1920.3.20 0:00:00;1970.12.31 0:00:00
"4900081";"Myagmarsuren";"Lhamsuren";"M";1938.2.17 0:00:00;1970.12.31 0:00:00
"900494777";"Knezevic";"Milorad";"M";1936.10.31 0:00:00;1970.12.31 0:00:00
"900362";"Matulovic";"Milan";"M";1935.6.10 0:00:00;1970.12.31 0:00:00
"901997";"Ostojic";"Predrag";"M";1938.2.22 0:00:00;1970.12.31 0:00:00
"901431";"Ciric";"Dragoljub M";"M";1935.11.12 0:00:00;1970.12.31 0:00:00
"907820";"Saric";"Vladimir";"M";1951.4.13 0:00:00;1970.12.31 0:00:00
"901881";"Panov";"Vladimir (Vasil)";"M";1938.6.29 0:00:00;1970.12.31 0:00:00
"903930777";"Masic";"Ljubomir";"M";1936.7.5 0:00:00;1970.12.31 0:00:00
"12777778101";"Jaffe";;"M";;1970.12.31 0:00:00
"900621";"Cvetkovic";"Srdjan";"M";1946.2.28 0:00:00;1970.12.31 0:00:00
"1000632777";"Van Scheltinga";"Theo D.";"M";1914.3.6 0:00:00;1970.12.31 0:00:00
"903191";"Nikolic";"Stanimir";"M";1935.1.26 0:00:00;1970.12.31 0:00:00
"906620777";"Gasic";"Bozidar";"M";1937.10.12 0:00:00;1970.12.31 0:00:00
"904031";"Sokolov";"Vladimir";"M";1933.8.31 0:00:00;1970.12.31 0:00:00
"12777778125";"Aloni";"Itzhak";"M";1905.4.5 0:00:00;1970.12.31 0:00:00
"12800082777";"Mikenas";"Vladas";"M";1910.4.17 0:00:00;1970.12.31 0:00:00
"12800066";"Butnorius";"Algimantas";"M";1946.11.20 0:00:00;1970.12.31 0:00:00
"901644777";"Sahovic";"Dragutin";"M";1940.8.8 0:00:00;1970.12.31 0:00:00
"101435";"Foguelman";"Alberto";"M";1923.10.13 0:00:00;1970.12.31 0:00:00
"1000349";"Kuijpers";"Frans A";"M";1941.2.27 0:00:00;1970.12.31 0:00:00
"1200224";"Radovici";"Corvin";"M";1931.12.19 0:00:00;1970.12.31 0:00:00
"1000969";"Krabbe";"Tim";"M";1943.4.13 0:00:00;1970.12.31 0:00:00
"1000012";"Timman";"Jan H.";"M";1951.12.14 0:00:00;1970.12.31 0:00:00
"1000691";"Van Baarle";"John";"M";1945.4.19 0:00:00;1970.12.31 0:00:00
"100145777";"Eliskases";"Erich";"M";1913.2.15 0:00:00;1970.12.31 0:00:00
"1000187";"Bouwmeester";"Hans";"M";1929.9.16 0:00:00;1970.12.31 0:00:00
"1001264";"Van Oosterom";"Joop";"M";1937.12.12 0:00:00;1970.12.31 0:00:00
"100935";"Rossetto";"Hector";"M";1922.9.8 0:00:00;1970.12.31 0:00:00
"1001256";"Piket";"Joop J";"M";1940.12.14 0:00:00;1970.12.31 0:00:00
"1001370";"Van Der Weide";"Piet";"M";1943.3.30 0:00:00;1970.12.31 0:00:00
"100064777";"Najdorf";"Miguel";"M";1910.4.15 0:00:00;1970.12.31 0:00:00
"900273";"Vukic";"Milan";"M";1943.8.19 0:00:00;1970.12.31 0:00:00
"900010";"Ljubojevic";"Ljubomir";"M";1950.11.2 0:00:00;1970.12.31 0:00:00
"900141";"Ivkov";"Borislav";"M";1933.11.12 0:00:00;1970.12.31 0:00:00
"100021";"Quinteros";"Miguel A.";"M";1947.12.28 0:00:00;1970.12.31 0:00:00
"1000420";"Hartoch";"Robert G.";"M";1947.3.24 0:00:00;1970.12.31 0:00:00
"1000098";"Ree";"Hans";"M";1944.9.15 0:00:00;1970.12.31 0:00:00
"100293";"Juarez";"Carlos Eleodoro";"M";1938.6.29 0:00:00;1970.12.31 0:00:00
"100463";"Bronstein";"Luis";"M";1946.6.2 0:00:00;1970.12.31 0:00:00
"1000322777";"Cortlever";"Nicolaas";"M";1915.6.14 0:00:00;1970.12.31 0:00:00
"1000390";"Scholl";"Eddie C";"M";1944.10.17 0:00:00;1970.12.31 0:00:00
"100420";"Garcia";"Raimundo";"M";1936.5.27 0:00:00;1970.12.31 0:00:00
"77777374";"De Lange";"Daan";"M";1915.8.4 0:00:00;1970.12.31 0:00:00
"1000101";"Zuidema";"Coen";"M";1942.8.29 0:00:00;1970.12.31 0:00:00
"100501";"Schweber";"Samuel";"M";1936.7.16 0:00:00;1970.12.31 0:00:00
"1001167";"Kerkhoff";"Leo J";"M";1944.11.14 0:00:00;1970.12.31 0:00:00
"1001566777";"Prins";"Lodewijk";"M";1913.1.27 0:00:00;1970.12.31 0:00:00
"100161";"Rubinetti";"Jorge";"M";1945.3.31 0:00:00;1970.12.31 0:00:00
"100650";"Guimard";"Carlos E.";"M";1913.4.6 0:00:00;1970.12.31 0:00:00
"1000624";"Van Geet";"Dirk Daniel";"M";1932.3.1 0:00:00;1970.12.31 0:00:00
"100986";"Ocampo";"Raul";"M";1945.8.11 0:00:00;1970.12.31 0:00:00
"100030";"Sanguinetti";"Raul";"M";1933.2.3 0:00:00;1970.12.31 0:00:00
"1000934";"Jongsma";"Alexander";"M";1938.6.1 0:00:00;1970.12.31 0:00:00
"777771100";"Kotov";"Alexander";"M";1913.8.12 0:00:00;1970.12.31 0:00:00
"777776008";"Blau";"Max";"M";1918.12.19 0:00:00;1970.12.31 0:00:00
"777771549";"Pelikan";"Jorge";"M";1906.4.23 0:00:00;1970.12.31 0:00:00
"777775003";"Golombek";"Harry";"M";1911.3.1 0:00:00;1970.12.31 0:00:00
"800481";"Zichichi";"Alvise";"M";1938.7.4 0:00:00;1970.12.31 0:00:00
"800023";"Mariotti";"Sergio";"M";1946.8.10 0:00:00;1970.12.31 0:00:00
"800058777";"Cosulich";"Roberto";"M";1946.7.30 0:00:00;1970.12.31 0:00:00
"1400525";"Pedersen";"Karl";"M";1940.9.27 0:00:00;1970.12.31 0:00:00
"901270";"Buljovcic";"Ivan";"M";1936.12.27 0:00:00;1970.12.31 0:00:00
"77777563";"Flesch";"Janos";"M";1933.9.30 0:00:00;1970.12.31 0:00:00
"777778106";"Kozomara";"Vladimir";"M";1922.11.1 0:00:00;1970.12.31 0:00:00
"13500066";"Kupreichik";"Viktor D";"M";1949.7.3 0:00:00;1970.12.31 0:00:00
"13600184";"Gurgenidze";"Bukhuti";"M";1933.11.13 0:00:00;1970.12.31 0:00:00
"1400029";"Larsen";"Bent";"M";1935.3.4 0:00:00;1970.12.31 0:00:00
"1400738";"Jacobsen";"Bo";"M";1948.12.12 0:00:00;1970.12.31 0:00:00
"13600125";"Gaprindashvili";"Nona";"F";1941.5.3 0:00:00;1970.12.31 0:00:00
"800074";"Tatai";"Stefano";"M";1938.3.23 0:00:00;1970.12.31 0:00:00
"777775006";"Kajan";"Seppo";"M";1932.12.29 0:00:00;1970.12.31 0:00:00
"101176";"Palermo";"Vicente";"M";1932.3.12 0:00:00;1970.12.31 0:00:00
"77777465";"Dunkelblum";"Arthur";"M";1906.4.23 0:00:00;1970.12.31 0:00:00
"777771996";"Thorbergsson";"Freysteinn";"M";1931.5.12 0:00:00;1970.12.31 0:00:00
"777775000";"Golz";"Werner";"M";1933.11.8 0:00:00;1970.12.31 0:00:00
"777775001";"Enevoldsen";"Jens";"M";1907.9.23 0:00:00;1970.12.31 0:00:00
"777776014";"Byrne";"Donald";"M";1930.6.12 0:00:00;1970.12.31 0:00:00
"777776004";"Aronin";"Lev";"M";1920.7.20 0:00:00;1970.12.31 0:00:00
"777776010";"Botvinnik";"Mikhail";"M";1911.4.11 0:00:00;1970.12.31 0:00:00
"77777596";"Fuster";"Geza";"M";1910.2.19 0:00:00;1970.12.31 0:00:00
"777775007";"Koskinen";"Heikki";"M";1930.8.10 0:00:00;1970.12.31 0:00:00
"77777511";"Estrada Degrandi";"Walter";"M";1924.1.16 0:00:00;1970.12.31 0:00:00
"777775123";"Resende";"Josino";"M";1940.1.1 0:00:00;1970.12.31 0:00:00
"77777513";"Estrin";"Yakov B";"M";1923.4.21 0:00:00;1970.12.31 0:00:00
"777775219";"Purdy";"Cecil";"M";1906.3.27 0:00:00;1970.12.31 0:00:00
"777775555";"Rossolimo";"Nicolas";"M";1910.2.28 0:00:00;1970.12.31 0:00:00
"800830777";"Giustolisi";"Alberto";"M";1927.3.17 0:00:00;1970.12.31 0:00:00
"777775005";"Kottnauer";"Cenek";"M";1910.2.24 0:00:00;1970.12.31 0:00:00
"901032";"Leban";"Slavko";"M";1941.11.26 0:00:00;1970.12.31 0:00:00
"1101633";"Witkowski";"Stefan";"M";1931.9.27 0:00:00;1970.12.31 0:00:00
"77777412";"Diaz";"Salvador";"M";1940.1.1 0:00:00;1970.12.31 0:00:00
"1103539";"Jamroz";"Zbigniew";"M";1934.6.11 0:00:00;1970.12.31 0:00:00
"1101358";"Marszalek";"Rafal";"M";1940.11.30 0:00:00;1970.12.31 0:00:00
"1100041";"Schmidt";"Wlodzimierz";"M";1943.4.10 0:00:00;1970.12.31 0:00:00
"1400304";"Holm";"Sejer";"M";1939.8.10 0:00:00;1970.12.31 0:00:00
"1101188";"Kostro";"Jerzy";"M";1937.1.25 0:00:00;1970.12.31 0:00:00
"777771104";"Kozma";"Julius";"M";1929.6.1 0:00:00;1970.12.31 0:00:00
"901369";"Karaklajic";"Nikola";"M";1926.2.24 0:00:00;1970.12.31 0:00:00
"900842";"Rakic";"Tomislav";"M";1934.11.11 0:00:00;1970.12.31 0:00:00
"906727";"Milanovic";"Slobodan";"M";1941.5.13 0:00:00;1970.12.31 0:00:00
"908169";"Smederevac";"Petar";"M";1922.8.26 0:00:00;1970.12.31 0:00:00
"900400";"Gligoric";"Svetozar";"M";1923.2.2 0:00:00;1970.12.31 0:00:00
"905305";"Janosevic";"Dragoljub";"M";1923.7.8 0:00:00;1970.12.31 0:00:00
"902128";"Deze";"Anton";"M";1940.3.22 0:00:00;1970.12.31 0:00:00
"910490";"Lazarevic";"Milunka";"F";1932.12.1 0:00:00;1970.12.31 0:00:00
"1400177";"Bjerre";"Troels";"M";1947.8.16 0:00:00;1970.12.31 0:00:00
"900931";"Martinovic";"Slobodan";"M";1945.7.25 0:00:00;1970.12.31 0:00:00
"1100190";"Adamski";"Jan";"M";1943.11.11 0:00:00;1970.12.31 0:00:00
"1400479";"Norby";"Peter H.";"M";1940.6.28 0:00:00;1970.12.31 0:00:00
"13500058";"Kapengut";"Albert Z";"M";1944.7.4 0:00:00;1970.12.31 0:00:00
"1400134";"Brinck-Claussen";"Bjorn";"M";1942.1.29 0:00:00;1970.12.31 0:00:00
"14001697777";"Andersen";"Borge";"M";1934.3.19 0:00:00;1970.12.31 0:00:00
"1400754";"Petersen";"Finn";"M";1940.4.28 0:00:00;1970.12.31 0:00:00
"1400207";"Jakobsen";"Ole";"M";1942.10.19 0:00:00;1970.12.31 0:00:00
"1100661";"Doda";"Zbigniew";"M";1931.2.22 0:00:00;1970.12.31 0:00:00
"1101803";"Balcerowski";"Witold";"M";1935.8.10 0:00:00;1970.12.31 0:00:00
"1100491";"Filipowicz";"Andrzej";"M";1938.5.13 0:00:00;1970.12.31 0:00:00
"1100475";"Sydor";"Andrzej";"M";1937.1.3 0:00:00;1970.12.31 0:00:00
"1100890";"Bednarski";"Jacek B";"M";1939.3.12 0:00:00;1970.12.31 0:00:00
"1101897";"Grabczewski";"Romuald";"M";1932.2.7 0:00:00;1970.12.31 0:00:00
"1400550";"Moe";"Mogens";"M";1944.3.13 0:00:00;1970.12.31 0:00:00
"1400649";"Hvenekilde";"Jorgen";"M";1935.8.29 0:00:00;1970.12.31 0:00:00
"14500191";"Rukavina";"Josip";"M";1942.10.29 0:00:00;1971.7.1 0:00:00
"14602377";"Beliavsky";"Alexander G";"M";1953.12.17 0:00:00;1971.7.1 0:00:00
"14600021";"Barle";"Janez";"M";1952.3.21 0:00:00;1971.7.1 0:00:00
"4600940";"Borngaesser";"Rene";"M";1951.9.22 0:00:00;1971.7.1 0:00:00
"4500083";"Vooremaa";"Andres";"M";1944.7.19 0:00:00;1971.7.1 0:00:00
"1001620";"Van Der Mije";"Alexandra";"F";1940.7.22 0:00:00;1971.7.1 0:00:00
"2000741";"Soltis";"Andrew E";"M";1947.5.28 0:00:00;1971.7.1 0:00:00
"5200091";"De Castro";"Edgar";"M";;1971.7.1 0:00:00
"2002264";"Denker";"Arnold S";"M";1914.2.21 0:00:00;1971.7.1 0:00:00
"2000750";"Strauss";"David J";"M";1946.8.7 0:00:00;1971.7.1 0:00:00
"1300180";"Huss";"Andreas";"M";1950.10.15 0:00:00;1971.7.1 0:00:00
"2800330";"Richter";"Yosef";"M";1939.5.6 0:00:00;1971.7.1 0:00:00
"2800144777";"Bleiman";"Yaacov";"M";1947.9.8 0:00:00;1971.7.1 0:00:00
"2200899";"Palacios De La Prida";"Erne";"M";1943.11.13 0:00:00;1971.7.1 0:00:00
"401005";"Cafferty";"Bernard";"M";1934.6.27 0:00:00;1971.7.1 0:00:00
"1000659";"Van Der Vliet";"Fred";"M";1948.9.23 0:00:00;1971.7.1 0:00:00
"400408";"Markland";"Peter R.";"M";1951.4.13 0:00:00;1971.7.1 0:00:00
"401404";"Saverymuttu";"Seth";"M";1952.6.7 0:00:00;1971.7.1 0:00:00
"300217";"Lechtynsky";"Jiri";"M";1947.11.25 0:00:00;1971.7.1 0:00:00
"100315";"Poch";"Cesar G.";"M";1946.6.6 0:00:00;1971.7.1 0:00:00
"5100690";"Ocampo Vargas";"Raul";"M";1952.1.1 0:00:00;1971.7.1 0:00:00
"2900106";"Ermenkov";"Evgenij";"M";1949.9.29 0:00:00;1971.7.1 0:00:00
"300543";"Hlousek";"Zdenek";"M";1948.4.3 0:00:00;1971.7.1 0:00:00
"302074777";"Alster";"Ladislav";"M";1927.4.2 0:00:00;1971.7.1 0:00:00
"302082";"Fichtl";"Jiri";"M";1922.2.16 0:00:00;1971.7.1 0:00:00
"2900548777";"Daskalov";"Georgi";"M";1933.6.7 0:00:00;1971.7.1 0:00:00
"1200054";"Ghinda";"Mihail-Viorel";"M";1949.7.25 0:00:00;1971.7.1 0:00:00
"1200160";"Pavlov";"Mircea";"M";1937.9.14 0:00:00;1971.7.1 0:00:00
"100889";"Sumiacher";"Carlos";"M";1949.12.12 0:00:00;1971.7.1 0:00:00
"1700243";"Uddenfeldt";"Dan";"M";1951.3.29 0:00:00;1971.7.1 0:00:00
"801160";"Trincardi";"Tullio";"M";1936.3.23 0:00:00;1971.7.1 0:00:00
"77777358";"Danov";"Kiril";"M";1934.8.4 0:00:00;1971.7.1 0:00:00
"1400126";"Fedder";"Steen";"M";1951.6.14 0:00:00;1971.7.1 0:00:00
"1400193";"Hamann";"Svend";"M";1940.10.8 0:00:00;1971.7.1 0:00:00
"905747";"Mihaljcisin";"Mihajlo";"M";1933.2.22 0:00:00;1971.7.1 0:00:00
"1000764";"Vogel";"Jaap";"M";1948.3.31 0:00:00;1971.7.1 0:00:00
"100331";"Brond";"Victor";"M";1947.9.15 0:00:00;1971.7.1 0:00:00
"1700901";"Akvist";"Hakan";"M";1941.10.27 0:00:00;1971.7.1 0:00:00
"2000040";"Gulko";"Boris F";"M";1947.2.9 0:00:00;1972.7.1 0:00:00
"1900188";"Silva";"Fernando";"M";1950.8.4 0:00:00;1972.7.1 0:00:00
"2002558";"Popovych";"Orest";"M";1933.1.18 0:00:00;1972.7.1 0:00:00
"200514";"Schumacher";"Helmut";"M";1931.8.1 0:00:00;1972.7.1 0:00:00
"2000431";"Biyiasas";"Peter";"M";1950.11.19 0:00:00;1972.7.1 0:00:00
"1900129";"Ribeiro";"Joao Mario";"M";1929.6.10 0:00:00;1972.7.1 0:00:00
"2000865";"De Fotis";"Gregory";"M";1951.12.8 0:00:00;1972.7.1 0:00:00
"2000482";"Kogan";"Boris M";"M";1940.2.8 0:00:00;1972.7.1 0:00:00
"1900056";"Santos";"Luis";"M";1955.6.30 0:00:00;1972.7.1 0:00:00
"1707434";"Josefsson";"Kenneth";"M";1938.4.22 0:00:00;1972.7.1 0:00:00
"1301438";"Nemet";"Ivan";"M";1943.4.14 0:00:00;1972.7.1 0:00:00
"1800043";"Williams";"Arthur Howard";"M";1950.7.11 0:00:00;1972.7.1 0:00:00
"1900218";"Pereira";"Renato";"M";1945.7.18 0:00:00;1972.7.1 0:00:00
"1300040";"Hug";"Werner";"M";1952.9.10 0:00:00;1972.7.1 0:00:00
"2000555";"Kaufman";"Larry C";"M";1947.11.15 0:00:00;1972.7.1 0:00:00
"14100282";"Zhidkov";"Valery S";"M";1939.9.4 0:00:00;1972.7.1 0:00:00
"1800035";"Botterill";"George S.";"M";1949.1.8 0:00:00;1972.7.1 0:00:00
"14500400";"Kosanski";"Stanko";"M";1941.10.18 0:00:00;1972.7.1 0:00:00
"3500594";"Pinal";"Nelson B";"M";1955.2.28 0:00:00;1972.7.1 0:00:00
"4611845";"Schoeneberg";"Manfred";"M";1946.7.6 0:00:00;1972.7.1 0:00:00
"4612019";"Brameyer";"Hermann";"M";1939.8.14 0:00:00;1972.7.1 0:00:00
"4604440";"Klein";"Manfred";"M";1940.10.19 0:00:00;1972.7.1 0:00:00
"4611861";"Brueggemann";"Joachim";"M";1951.10.3 0:00:00;1972.7.1 0:00:00
"4611543";"Boehnisch";"Manfred";"M";1941.4.16 0:00:00;1972.7.1 0:00:00
"4611608";"Postler";"Reinhard";"M";1944.12.28 0:00:00;1972.7.1 0:00:00
"14500841";"Vukovic";"Ivo";"M";1941.8.31 0:00:00;1972.7.1 0:00:00
"2600145";"Kuprejanov";"George";"M";1938.3.6 0:00:00;1972.7.1 0:00:00
"2003651";"Feuerstein";"Arthur";"M";1935.12.20 0:00:00;1972.7.1 0:00:00
"1300059";"Wirthensohn";"Heinz";"M";1951.5.4 0:00:00;1972.7.1 0:00:00
"14603004";"Basagic";"Zlatko";"M";1947.12.18 0:00:00;1972.7.1 0:00:00
"14500132";"Komljenovic";"Davorin";"M";1944.7.1 0:00:00;1972.7.1 0:00:00
"14900246";"Novak";"Ivan";"M";1943.1.26 0:00:00;1972.7.1 0:00:00
"14900076";"Banas";"Jan";"M";1947.6.3 0:00:00;1972.7.1 0:00:00
"1500465";"Gundersen";"Helge";"M";1946.8.8 0:00:00;1972.7.1 0:00:00
"14901340";"Privara";"Igor";"M";1948.12.13 0:00:00;1972.7.1 0:00:00
"14100088";"Romanishin";"Oleg M";"M";1952.1.10 0:00:00;1972.7.1 0:00:00
"4103289";"Chernikov";"Oleg L";"M";1936.10.15 0:00:00;1972.7.1 0:00:00
"2600072";"Piasetski";"Leon";"M";1951.12.24 0:00:00;1972.7.1 0:00:00
"400130";"Stean";"Michael F.";"M";1953.9.4 0:00:00;1972.7.1 0:00:00
"4104463";"Izmakin";"Anatoly B";"M";1937.6.3 0:00:00;1972.7.1 0:00:00
"401382";"Griffiths";"Peter C.";"M";1946.8.15 0:00:00;1972.7.1 0:00:00
"4100956777";"Tseitlin";"I";"M";;1972.7.1 0:00:00
"4102215";"Mukhin";"Georgy";"M";1944.2.19 0:00:00;1972.7.1 0:00:00
"4000137";"Stull";"Norbert";"M";1942.12.10 0:00:00;1972.7.1 0:00:00
"4104935";"Gorshkov";"Alexander A";"M";;1972.7.1 0:00:00
"4103769";"Zilberstein";"Valery I";"M";1943.4.13 0:00:00;1972.7.1 0:00:00
"3900134";"Caro";"Alberto N";"M";1937.10.29 0:00:00;1972.7.1 0:00:00
"4103343";"Shvedchikov";"AnatoliI.";"M";1944.10.17 0:00:00;1972.7.1 0:00:00
"400793";"Franklin";"Michael J.";"M";1931.2.2 0:00:00;1972.7.1 0:00:00
"4103971";"Karasev";"Vladimir I";"M";1938.6.17 0:00:00;1972.7.1 0:00:00
"4103947777";"Gavrilov";"Nikolai";"M";1934.12.19 0:00:00;1972.7.1 0:00:00
"3500845";"Lebredo Zaragoitia";"Gerardo";"M";1950.8.3 0:00:00;1972.7.1 0:00:00
"4400100";"Gutierrez Herrera";"Jose Anton";"M";1943.8.26 0:00:00;1972.7.1 0:00:00
"400343";"Bellin";"Robert";"M";1952.6.30 0:00:00;1972.7.1 0:00:00
"2800217";"Radashkovich";"Itchak";"M";1947.7.4 0:00:00;1972.7.1 0:00:00
"2300354";"Gunnarsson";"Gunnar K";"M";1933.6.14 0:00:00;1972.7.1 0:00:00
"2300702";"Georgsson";"Harvey";"M";1943.1.1 0:00:00;1972.7.1 0:00:00
"2400332";"Holt";"Eric J.";"M";1952.4.20 0:00:00;1972.7.1 0:00:00
"2400340";"Bonner";"Gerald";"M";1941.5.1 0:00:00;1972.7.1 0:00:00
"2600340";"Zuk";"Robert D.";"M";1947.5.14 0:00:00;1972.7.1 0:00:00
"2600501";"Selick";"Paul";"M";1950.11.24 0:00:00;1972.7.1 0:00:00
"4104447";"Doroshkievich";"Vladimir K";"M";1937.12.28 0:00:00;1972.7.1 0:00:00
"2600293";"Coudari";"Camille";"M";1951.7.29 0:00:00;1972.7.1 0:00:00
"1300857777";"Ammann";"Philipp";"M";1957.5.12 0:00:00;1972.7.1 0:00:00
"500470";"Nykopp";"Jan-Michael F.";"M";1946.3.14 0:00:00;1972.7.1 0:00:00
"6500048";"Rovira Mas";"Jorge";"M";;1972.7.1 0:00:00
"2201097";"Pujol Sans";"Manuel";"M";1952.9.17 0:00:00;1972.7.1 0:00:00
"2201275";"Dominguez Sanz";"Juan P.";"M";1935.6.29 0:00:00;1972.7.1 0:00:00
"2200317";"Menvielle Laccourreye";"August";"M";1938.8.12 0:00:00;1972.7.1 0:00:00
"403385777";"Miles";"Anthony J.";"M";1955.4.23 0:00:00;1972.7.1 0:00:00
"401013";"Carleton";"John J.";"M";1948.2.27 0:00:00;1972.7.1 0:00:00
"2600463";"Berry";"Jonathan";"M";1953.9.11 0:00:00;1972.7.1 0:00:00
"777777004";"Grigorian";"Levon";"M";1947.9.7 0:00:00;1972.7.1 0:00:00
"3400158";"Godoy Bugueno";"David Arturo";"M";1944.1.15 0:00:00;1972.7.1 0:00:00
"1200666";"Botez";"Constantin";"M";1935.6.13 0:00:00;1972.7.1 0:00:00
"2100509";"Chemin";"Vitorio";"M";1950.5.9 0:00:00;1972.7.1 0:00:00
"1700758";"Liljedahl";"Lennart";"M";1947.8.27 0:00:00;1972.7.1 0:00:00
"2900858";"Bonchev";"Stojko";"M";1940.12.26 0:00:00;1972.7.1 0:00:00
"1601555";"Dorn";"Max";"M";;1972.7.1 0:00:00
"77777252";"Carbone";"Jose";"M";1932.6.26 0:00:00;1972.7.1 0:00:00
"1700510";"Kaiszauri";"Konstanty";"M";1952.10.25 0:00:00;1972.7.1 0:00:00
"700193";"Tompa";"Janos";"M";1947.4.30 0:00:00;1972.7.1 0:00:00
"800139";"Toth";"Bela";"M";1943.4.19 0:00:00;1972.7.1 0:00:00
"777778145";"Paiva";"H.J.";"M";1943.6.11 0:00:00;1972.7.1 0:00:00
"777771313";"Martz";"William Edward";"M";1945.3.21 0:00:00;1972.7.1 0:00:00
"777777013";"Horowitz";"Israel";"M";1907.11.15 0:00:00;1972.7.1 0:00:00
"777778255";"Steinberg";"Mikhail";"M";1952.1.15 0:00:00;1972.7.1 0:00:00
"7777796";"Barda";"Yngvar";"M";1935.2.5 0:00:00;1972.7.1 0:00:00
"777776003";"Alvarez del Monte";"Jose";"M";1931.2.16 0:00:00;1972.7.1 0:00:00
"1601539";"Zoebisch";"Herbert";"M";1941.12.16 0:00:00;1972.7.1 0:00:00
"2901218";"Angelov";"Kosta";"M";1946.12.10 0:00:00;1972.7.1 0:00:00
"3500098";"Vilela De Acuna";"Jose Luis";"M";1953.3.19 0:00:00;1972.7.1 0:00:00
"301213";"Kubicek";"Antonin";"M";1946.6.25 0:00:00;1972.7.1 0:00:00
"300276";"Gross";"Stefan";"M";1949.8.28 0:00:00;1972.7.1 0:00:00
"2900564";"Kozarov";"Petar";"M";1935.8.2 0:00:00;1972.7.1 0:00:00
"2900572";"Ajanski";"Jordan S.";"M";1934.6.30 0:00:00;1972.7.1 0:00:00
"302031";"Pacl";"Vaclav";"M";1944.9.1 0:00:00;1972.7.1 0:00:00
"301930";"Jankovec";"Ivan";"M";1938.10.17 0:00:00;1972.7.1 0:00:00
"3400115";"Silva Sanchez";"Carlos";"M";1944.6.19 0:00:00;1972.7.1 0:00:00
"300055";"Meduna";"Eduard";"M";1950.9.11 0:00:00;1972.7.1 0:00:00
"3400255";"Belmonte Schwarzbaum";"Juan S.";"M";1945.10.14 0:00:00;1972.7.1 0:00:00
"300110";"Hausner";"Ivan";"M";1952.4.15 0:00:00;1972.7.1 0:00:00
"301590";"Travnicek";"Peter";"M";1943.3.14 0:00:00;1972.7.1 0:00:00
"302317";"Malis";"Jiri";"M";1945.3.21 0:00:00;1972.7.1 0:00:00
"3100146";"Moraza";"Manuel";"M";1946.8.18 0:00:00;1972.7.1 0:00:00
"700215";"Polgar";"Istvan";"M";1944.11.26 0:00:00;1972.7.1 0:00:00
"700142";"Lukacs";"Peter";"M";1950.7.9 0:00:00;1972.7.1 0:00:00
"301094";"Blucha";"Dalibor";"M";1935.10.14 0:00:00;1972.7.1 0:00:00
"2901048";"Merdinjan";"Agop";"M";1949.5.7 0:00:00;1972.7.1 0:00:00
"800589777";"Cappello";"Guido";"M";1933.4.14 0:00:00;1972.7.1 0:00:00
"1000241777";"Enklaar";"Bertus F.";"M";1943.12.1 0:00:00;1972.7.1 0:00:00
"100366";"Szmetan";"Jorge";"M";1950.5.26 0:00:00;1972.7.1 0:00:00
"1001221";"Bloch";"Nigel";"M";1953.12.21 0:00:00;1972.7.1 0:00:00
"100595";"Debarnot";"Roberto";"M";1947.8.5 0:00:00;1972.7.1 0:00:00
"10200053";"Hasan";"Younus";"M";1953.5.10 0:00:00;1972.7.1 0:00:00
"1000306";"Bohm";"Hans";"M";1950.1.15 0:00:00;1972.7.1 0:00:00
"1001027";"Knol";"Dirk L";"M";1949.5.19 0:00:00;1972.7.1 0:00:00
"9000062";"Belardi";"AHamedo";"M";1921.1.1 0:00:00;1972.7.1 0:00:00
"1000497";"Bredewout";"Henk";"M";1936.11.30 0:00:00;1972.7.1 0:00:00
"5600170";"Camilleri";"Henry";"M";1933.2.21 0:00:00;1972.7.1 0:00:00
"5100089";"Verduga Zavala";"Denis";"M";1953.3.14 0:00:00;1972.7.1 0:00:00
"5100054";"Frey Beckman";"Kenneth";"M";1950.2.25 0:00:00;1972.7.1 0:00:00
"56502";"Ivarsson";"Johnny";"M";1948.4.17 0:00:00;1972.7.1 0:00:00
"6300049";"Onat";"Ilhan";"M";1929.12.5 0:00:00;1972.7.1 0:00:00
"600121";"Sharif";"Mershad";"M";1952.7.11 0:00:00;1972.7.1 0:00:00
"3500306";"Barreras";"Alberto";"M";1951.4.5 0:00:00;1972.7.1 0:00:00
"3500128";"Estevez";"Guillermo";"M";1947.10.16 0:00:00;1972.7.1 0:00:00
"1401181";"Jensen";"Allan";"M";1943.6.21 0:00:00;1972.7.1 0:00:00
"900095";"Ivanovic";"Bozidar";"M";1949.8.24 0:00:00;1972.7.1 0:00:00
"100390";"Cuasnicu";"Oscar";"M";1942.10.24 0:00:00;1972.7.1 0:00:00
"13600052";"Ubilava";"Elizbar";"M";1950.8.27 0:00:00;1972.7.1 0:00:00
"1400061";"Kristiansen";"Jens";"M";1952.5.25 0:00:00;1972.7.1 0:00:00
"777771258";"Lundin";"Erik";"M";1904.7.2 0:00:00;1972.7.1 0:00:00
"1102648";"Manasterski";"Lutoslaw";"M";1937.2.10 0:00:00;1972.7.1 0:00:00
"903345";"Joksic";"Sinisa";"M";1940.10.10 0:00:00;1972.7.1 0:00:00
"910392";"Sandor";"Atila";"M";;1972.7.1 0:00:00
"4900030777";"Tumurbator";"Purev";"M";1936.1.6 0:00:00;1972.7.1 0:00:00
"13600028";"Giorgadze";"Tamaz";"M";1947.11.9 0:00:00;1972.7.1 0:00:00
"4900090777";"Zorigt";"Lhamsuren";"M";;1972.7.1 0:00:00
"900770";"Krnic";"Zdenko";"M";1947.10.2 0:00:00;1972.7.1 0:00:00
"900354";"Marjanovic";"Slavoljub";"M";1955.1.6 0:00:00;1972.7.1 0:00:00
"902209";"Popov";"Stevan";"M";1945.10.4 0:00:00;1972.7.1 0:00:00
"914894";"Radojevic";"Zoran";"M";1940.1.7 0:00:00;1972.7.1 0:00:00
"920541";"Baretic";"Dragoljub";"M";1936.4.4 0:00:00;1972.7.1 0:00:00
"903949";"Mujagic";"Ramo";"M";1943.11.17 0:00:00;1972.7.1 0:00:00
"2000156";"Alburt";"Lev O";"M";1945.8.21 0:00:00;1973.7.1 0:00:00
"2001039";"Smith";"Kenneth R";"M";1930.9.13 0:00:00;1973.7.1 0:00:00
"2000288";"Ivanov";"Igor V";"M";1947.1.8 0:00:00;1973.7.1 0:00:00
"2014610";"Palatnik";"Semon";"M";1950.3.26 0:00:00;1973.7.1 0:00:00
"2001292";"Kaminsky";"Oleg M";"M";1930.8.20 0:00:00;1973.7.1 0:00:00
"1800051";"Hutchings";"Stuart J";"M";1951.5.8 0:00:00;1973.7.1 0:00:00
"2000180";"Tarjan";"James E";"M";1952.2.22 0:00:00;1973.7.1 0:00:00
"2002310";"Levy";"Louis";"M";1921.2.10 0:00:00;1973.7.1 0:00:00
"2001594";"Serrano";"Waldo";"M";1948.10.10 0:00:00;1973.7.1 0:00:00
"2000474";"Commons";"Kim S";"M";1951.7.23 0:00:00;1973.7.1 0:00:00
"200352";"Wostin";"Rik H.";"M";1942.1.29 0:00:00;1973.7.1 0:00:00
"2000733";"Shirazi";"Kamran";"M";1952.11.21 0:00:00;1973.7.1 0:00:00
"2500116";"Cox";"David";"M";1951.11.20 0:00:00;1973.7.1 0:00:00
"2500132777";"McGrillen";"Hugh";"M";1945.5.7 0:00:00;1973.7.1 0:00:00
"2500159";"Littleton";"Michael F";"M";1938.3.5 0:00:00;1973.7.1 0:00:00
"1500155";"Poulsson";"Eivind";"M";1942.12.5 0:00:00;1973.7.1 0:00:00
"1500600";"Folling";"Magne";"M";1938.5.26 0:00:00;1973.7.1 0:00:00
"4655060";"Tseitlin";"Michael";"M";1947.6.16 0:00:00;1973.7.1 0:00:00
"4611802";"Dietze";"Wolfgang";"M";1950.6.19 0:00:00;1973.7.1 0:00:00
"2800128";"Tseitlin";"Mark D";"M";1943.9.23 0:00:00;1973.7.1 0:00:00
"1500244";"Kristiansen";"Erling";"M";1936.12.17 0:00:00;1973.7.1 0:00:00
"2600030";"Pelts";"Roman";"M";1937.3.11 0:00:00;1973.7.1 0:00:00
"2600587";"Jauregui";"Carlos";"M";1932.9.14 0:00:00;1973.7.1 0:00:00
"2800233";"Balshan";"Amikam";"M";1948.5.3 0:00:00;1973.7.1 0:00:00
"2800241";"Friedman";"Shmuel";"M";1951.11.8 0:00:00;1973.7.1 0:00:00
"2800152";"Kushnir";"Alla";"F";1941.8.11 0:00:00;1973.7.1 0:00:00
"2800683777";"Romm";"Meir";"M";1939.6.23 0:00:00;1973.7.1 0:00:00
"2000962";"Chellstorp";"Craig V";"M";1952.9.19 0:00:00;1973.7.1 0:00:00
"2400146";"Jamieson";"Peter M";"M";1946.7.1 0:00:00;1973.7.1 0:00:00
"2400316";"Denman";"Brian";"M";1948.6.28 0:00:00;1973.7.1 0:00:00
"2300192";"Thorvadsson";"Jonas";"M";1941.9.23 0:00:00;1973.7.1 0:00:00
"2300680777";"Josteinsson";"Leifur";"M";1940.12.25 0:00:00;1973.7.1 0:00:00
"1300270";"Vulevic";"Vjekoslav";"M";1949.4.2 0:00:00;1973.7.1 0:00:00
"1300784";"Walter";"Guenter";"M";;1973.7.1 0:00:00
"13300288";"Petrosian";"Arshak B";"M";1953.12.16 0:00:00;1973.7.1 0:00:00
"1800094";"Jones";"Iolo C";"M";1947.8.2 0:00:00;1973.7.1 0:00:00
"2800799";"Kaldor";"Avraham";"M";1947.5.20 0:00:00;1973.7.1 0:00:00
"4611519";"Hesse";"Peter";"M";1944.9.29 0:00:00;1973.7.1 0:00:00
"4500210777";"Heuer";"Valter";"M";1928.7.14 0:00:00;1973.7.1 0:00:00
"4500679";"Ludolph";"Jaan";"M";1940.1.1 0:00:00;1973.7.1 0:00:00
"4500113";"Hermlin";"Aarne";"M";1940.6.6 0:00:00;1973.7.1 0:00:00
"4603664";"Dresen";"Ulrich";"M";1949.4.13 0:00:00;1973.7.1 0:00:00
"4601521";"Suess";"Alois";"M";1943.6.10 0:00:00;1973.7.1 0:00:00
"4611306";"Gruenberg";"Hans-Ulrich";"M";1956.1.9 0:00:00;1973.7.1 0:00:00
"4611683";"Thal";"Olaf";"M";1935.12.14 0:00:00;1973.7.1 0:00:00
"4603915";"Buchal";"Stephan";"M";1953.8.18 0:00:00;1973.7.1 0:00:00
"4612108";"Walter";"Guenter";"M";1942.11.19 0:00:00;1973.7.1 0:00:00
"4600673";"Clemens";"Christian";"M";1940.8.5 0:00:00;1973.7.1 0:00:00
"4603990";"Hans";"Peter";"M";1946.10.9 0:00:00;1973.7.1 0:00:00
"4602773";"Kunsztowicz";"Uwe";"M";1944.1.18 0:00:00;1973.7.1 0:00:00
"4605934";"Friehoff";"Heinz";"M";1941.7.8 0:00:00;1973.7.1 0:00:00
"3501710";"Junco Gonzalez";"Carlos Albert";"M";1952.1.1 0:00:00;1973.7.1 0:00:00
"4200322";"Trikaliotis";"Georgios";"M";1939.2.25 0:00:00;1973.7.1 0:00:00
"4103548";"Vasiliev";"Rustam N";"M";1948.1.1 0:00:00;1973.7.1 0:00:00
"4603630";"Behling";"Robert";"M";1947.6.30 0:00:00;1973.7.1 0:00:00
"14100290";"Buturin";"Vladimir";"M";1943.11.19 0:00:00;1973.7.1 0:00:00
"1500309";"Hatlebakk";"Einar";"M";1947.3.17 0:00:00;1973.7.1 0:00:00
"14900181";"Franzen";"Jozef";"M";1946.2.6 0:00:00;1973.7.1 0:00:00
"14500140";"Nikolac";"Juraj";"M";1932.4.22 0:00:00;1973.7.1 0:00:00
"14500060";"Hulak";"Krunoslav";"M";1951.5.25 0:00:00;1973.7.1 0:00:00
"14600072";"Osterman";"Rudolf";"M";1946.7.21 0:00:00;1973.7.1 0:00:00
"14501023";"Fucak";"Emilijo";"M";1949.2.21 0:00:00;1973.7.1 0:00:00
"14200422";"Maslov";"Leonid P";"M";1935.1.1 0:00:00;1973.7.1 0:00:00
"4611926";"Heinig";"Wolfram";"M";1954.1.14 0:00:00;1973.7.1 0:00:00
"14200376";"Borisenko";"Georgy K";"M";1922.5.25 0:00:00;1973.7.1 0:00:00
"4612027";"Espig";"Thomas";"M";1954.1.19 0:00:00;1973.7.1 0:00:00
"14100061";"Lerner";"Konstantin Z";"M";1950.2.28 0:00:00;1973.7.1 0:00:00
"4500660";"Lym";"Tonu";"M";1941.6.16 0:00:00;1973.7.1 0:00:00
"4500130777";"Pohla";"Harry";"M";1940.7.3 0:00:00;1973.7.1 0:00:00
"4611896";"Packroff";"Hermann";"M";1941.6.28 0:00:00;1973.7.1 0:00:00
"4500202";"Karner";"Hillar";"M";1935.7.28 0:00:00;1973.7.1 0:00:00
"3500993";"Mederos Perez";"Armando";"M";1950.10.8 0:00:00;1973.7.1 0:00:00
"14901323";"Cibulka";"Vladimir";"M";1941.11.1 0:00:00;1973.7.1 0:00:00
"14105594";"Lazarev";"Efim M.";"M";1933.11.28 0:00:00;1973.7.1 0:00:00
"4104960";"Khavsky";"Sergey V";"M";1928.2.15 0:00:00;1973.7.1 0:00:00
"4103505";"Ruderfer";"Mark B";"M";1947.1.16 0:00:00;1973.7.1 0:00:00
"4103467";"Kremenietsky";"Anatoly M";"M";1939.1.14 0:00:00;1973.7.1 0:00:00
"4103459";"Kotkov";"Yuri M";"M";1930.5.31 0:00:00;1973.7.1 0:00:00
"4103440777";"Kopylov";"Igor";"M";1939.2.28 0:00:00;1973.7.1 0:00:00
"4103300";"Grokhotov";"Vladimir T";"M";1941.1.14 0:00:00;1973.7.1 0:00:00
"4103254";"Yuferov";"Sergey N";"M";1945.12.3 0:00:00;1973.7.1 0:00:00
"4104439";"Baikov";"Vladimir A";"M";1948.5.13 0:00:00;1973.7.1 0:00:00
"4105117";"Goldin";"Vladimir M.";"M";1926.2.28 0:00:00;1973.7.1 0:00:00
"4106830";"Novikov";"Mikhail V";"M";1939.8.22 0:00:00;1973.7.1 0:00:00
"4108051";"Belousov";"Sergey";"M";1940.1.1 0:00:00;1973.7.1 0:00:00
"4103149";"Kotz";"YuriI";"M";1933.12.9 0:00:00;1973.7.1 0:00:00
"4104374777";"Litvinov";"Viktor";"M";1938.11.13 0:00:00;1973.7.1 0:00:00
"4103106";"Ignatiev";"Felix N";"M";1932.1.9 0:00:00;1973.7.1 0:00:00
"4103084";"Gik";"Evgeny";"M";1943.5.10 0:00:00;1973.7.1 0:00:00
"4102940";"Reshko";"Aron G";"M";1927.11.8 0:00:00;1973.7.1 0:00:00
"4104366777";"Kopylov";"Nikolai G.";"M";1919.10.26 0:00:00;1973.7.1 0:00:00
"400718";"Eley";"Brian";"M";1946.1.1 0:00:00;1973.7.1 0:00:00
"4101863";"Kutyanin";"Yuri F";"M";1922.1.1 0:00:00;1973.7.1 0:00:00
"4107110";"Pavlyuttin";"J";"M";;1973.7.1 0:00:00
"4103068";"Donchenko";"Oleg I";"M";1940.3.20 0:00:00;1973.7.1 0:00:00
"400122";"Mestel";"A.Jonathan";"M";1957.3.13 0:00:00;1973.7.1 0:00:00
"4103700777";"Rytov";"Boris";"M";1937.8.20 0:00:00;1973.7.1 0:00:00
"4103025777";"Alexeev";"Anatoly";"M";1942.1.1 0:00:00;1973.7.1 0:00:00
"4103726";"Shabanov";"Yuri";"M";1937.11.11 0:00:00;1973.7.1 0:00:00
"4103734";"Shashin";"Alexsander A";"M";1944.1.29 0:00:00;1973.7.1 0:00:00
"4103157";"Krutyanski";"Anatolia";"M";1927.8.29 0:00:00;1973.7.1 0:00:00
"4105460";"Bykov";"Valery";"M";;1973.7.1 0:00:00
"4102088";"Bukhman";"Eduard";"M";1941.6.8 0:00:00;1973.7.1 0:00:00
"4000439";"Feller";"Josy";"M";1944.1.28 0:00:00;1973.7.1 0:00:00
"4100603";"Rashkovsky";"Nukhim N";"M";1946.4.18 0:00:00;1973.7.1 0:00:00
"4108060777";"Chepukaitis";"Genrikh";"M";1935.9.14 0:00:00;1973.7.1 0:00:00
"4107039";"Chaplinsky";"Edgar P";"M";1933.7.10 0:00:00;1973.7.1 0:00:00
"4102797";"Rusakov";"Iakov D";"M";1934.9.8 0:00:00;1973.7.1 0:00:00
"4101251";"Lukin";"Andrei M";"M";1948.8.28 0:00:00;1973.7.1 0:00:00
"4104340";"Dzhanoev";"David";"M";1938.11.22 0:00:00;1973.7.1 0:00:00
"4103009";"Vorotnikov";"Vladislav V";"M";1947.8.17 0:00:00;1973.7.1 0:00:00
"4400054";"Henao";"Raul Fernando";"M";1955.10.19 0:00:00;1973.7.1 0:00:00
"4101308";"Averkin";"Orest N";"M";1944.2.25 0:00:00;1973.7.1 0:00:00
"4100468";"Makarichev";"Sergey";"M";1953.11.17 0:00:00;1973.7.1 0:00:00
"4101235";"Dvoretzky";"Mark";"M";1947.12.9 0:00:00;1973.7.1 0:00:00
"2200104";"Martin Gonzalez";"Angel";"M";1953.1.3 0:00:00;1973.7.1 0:00:00
"2201526";"Ruiz Gutierrez";"Manuel";"M";1941.1.1 0:00:00;1973.7.1 0:00:00
"2100517";"Toth";"Peter";"M";1940.9.7 0:00:00;1973.7.1 0:00:00
"2100096";"Trois";"Francisco R.T.";"M";1946.9.3 0:00:00;1973.7.1 0:00:00
"4101197777";"Sakharov";"Yuri N";"M";1922.9.19 0:00:00;1973.7.1 0:00:00
"4400410";"Munoz";"Francisco";"M";;1973.7.1 0:00:00
"400017";"Nunn";"John D.M.";"M";1955.4.25 0:00:00;1973.7.1 0:00:00
"4400283";"Minaya";"Juan";"M";1941.11.20 0:00:00;1973.7.1 0:00:00
"4400194";"Garcia";"Luis E.";"M";1949.4.6 0:00:00;1973.7.1 0:00:00
"4300092";"Sutton";"Richard J";"M";1938.9.23 0:00:00;1973.7.1 0:00:00
"4400143";"Castro";"Oscar H.";"M";1953.5.8 0:00:00;1973.7.1 0:00:00
"4400321";"Lopez";"Fernando";"M";;1973.7.1 0:00:00
"4200683";"Fappas";"Georgios";"M";;1973.7.1 0:00:00
"4201302";"Balaskas";"Panayotis";"M";1946.10.19 0:00:00;1973.7.1 0:00:00
"6400116";"Belliard";"Hector Julian";"M";;1973.7.1 0:00:00
"4102126";"Panchenko";"Alexander N";"M";1953.10.5 0:00:00;1973.7.1 0:00:00
"4200047";"Makropoulos";"Georgios";"M";1953.9.28 0:00:00;1973.7.1 0:00:00
"3500888";"Fernandez Bravo";"Ciro Angel";"M";1947.8.3 0:00:00;1973.7.1 0:00:00
"4105800";"Arseniev";"Vladimir V";"M";1931.5.21 0:00:00;1973.7.1 0:00:00
"4104595";"Petrushin";"Alexander I";"M";1947.3.10 0:00:00;1973.7.1 0:00:00
"4105931";"Kliukin";"Boris P";"M";1946.1.1 0:00:00;1973.7.1 0:00:00
"4106016777";"Shestakov";"Sergei S.";"M";1947.6.7 0:00:00;1973.7.1 0:00:00
"4106040";"Sternberg";"Pavel";"M";1949.2.28 0:00:00;1973.7.1 0:00:00
"4104501";"Gusev";"Vladimir A";"M";1948.2.7 0:00:00;1973.7.1 0:00:00
"4105320";"Kuzmichev";"N";"M";;1973.7.1 0:00:00
"4602811";"Schifferdecker";"Wilhelm";"M";1919.9.5 0:00:00;1973.7.1 0:00:00
"4100930777";"Dementiev";"Oleg";"M";1938.1.15 0:00:00;1973.7.1 0:00:00
"4103858";"Korelov";"Alexander P";"M";;1973.7.1 0:00:00
"4102428777";"Obukhovski";"Edward A";"M";1934.11.1 0:00:00;1973.7.1 0:00:00
"4100719";"Kochyev";"Alexander";"M";1956.3.25 0:00:00;1973.7.1 0:00:00
"4106091";"Donchenko";"Anatoly G";"M";1940.9.1 0:00:00;1973.7.1 0:00:00
"4106563";"Bukhtin";"Vladimir S";"M";1941.10.18 0:00:00;1973.7.1 0:00:00
"4102444";"Rosenberg";"Sergei G";"M";;1973.7.1 0:00:00
"4103815777";"Gusev";"Yuri S";"M";1921.9.25 0:00:00;1973.7.1 0:00:00
"1613782";"Beim";"Valery";"M";1950.3.17 0:00:00;1973.7.1 0:00:00
"11600055";"Zhuravliov";"Valerij";"M";1938.12.11 0:00:00;1973.7.1 0:00:00
"801046";"Contedini";"Ennio";"M";1934.10.8 0:00:00;1973.7.1 0:00:00
"777772055";"Uusi";"Gunnar";"M";1931.6.23 0:00:00;1973.7.1 0:00:00
"1700278";"Malmgren";"Sven-Goran";"M";1943.4.25 0:00:00;1973.7.1 0:00:00
"1700197";"Brostrom";"Goran";"M";1942.4.27 0:00:00;1973.7.1 0:00:00
"1600257";"Janetschek";"Karl";"M";1940.4.17 0:00:00;1973.7.1 0:00:00
"1700111";"Ornstein";"Axel";"M";1952.4.24 0:00:00;1973.7.1 0:00:00
"800082";"Cappello";"Renato";"M";1953.1.3 0:00:00;1973.7.1 0:00:00
"1701584";"Malmdin";"Nils-Ake";"M";1944.9.8 0:00:00;1973.7.1 0:00:00
"777778149";"Raizman";"Maurice";"M";1905.2.26 0:00:00;1973.7.1 0:00:00
"1701509";"Nordstrom";"Felix";"M";1944.6.5 0:00:00;1973.7.1 0:00:00
"11600101";"Vitolinsh";"Alvis";"M";1946.6.15 0:00:00;1973.7.1 0:00:00
"1201344";"Buza";"Adrian";"M";1937.4.22 0:00:00;1973.7.1 0:00:00
"11600144";"Kirilov";"Valentins";"M";1938.3.22 0:00:00;1973.7.1 0:00:00
"11600128";"Klovans";"Janis";"M";1935.4.9 0:00:00;1973.7.1 0:00:00
"1200976";"Szabo";"Iuliu";"M";1933.8.29 0:00:00;1973.7.1 0:00:00
"77777928";"Jonsson";"Johann Thorir";"M";1941.10.21 0:00:00;1973.7.1 0:00:00
"1600290";"Strobel";"Ferdinand";"M";1943.1.22 0:00:00;1973.7.1 0:00:00
"777771795";"Savadkouhi";"M";"M";;1973.7.1 0:00:00
"777773001";"Bolbochan";"Jacobo";"M";1906.12.26 0:00:00;1973.7.1 0:00:00
"807664";"Capece";"Adolivio";"M";1947.1.17 0:00:00;1973.7.1 0:00:00
"777771562";"Peresypkin";"Vladimir Fedorovich";"M";1953.3.10 0:00:00;1973.7.1 0:00:00
"777772080";"Van Seeters";"Fritz";"M";1913.9.8 0:00:00;1973.7.1 0:00:00
"777772020";"Tomov";"Krum";"M";1940.4.7 0:00:00;1973.7.1 0:00:00
"777776023";"Carpinter";"Bernard";"M";1949.3.2 0:00:00;1973.7.1 0:00:00
"800546";"Porecca";"Giorgio";"M";1927.8.30 0:00:00;1973.7.1 0:00:00
"777775012";"Engert";"Immo";"M";1906.8.10 0:00:00;1973.7.1 0:00:00
"77777424";"Dobrev";"Dimitar";"M";1944.8.2 0:00:00;1973.7.1 0:00:00
"3400174";"Velasquez Ojeda";"Cesar";"M";1950.2.20 0:00:00;1973.7.1 0:00:00
"800414";"Micheli";"Carlo";"M";1946.9.15 0:00:00;1973.7.1 0:00:00
"7777711112";"Choong";"Liong On";"M";1940.1.1 0:00:00;1973.7.1 0:00:00
"801186777";"Nestler";"Vincenzo";"M";1912.1.8 0:00:00;1973.7.1 0:00:00
"77777778";"Hase";"Ricardo";"M";1946.2.6 0:00:00;1973.7.1 0:00:00
"801461777";"Primavera";"Giuseppe";"M";1917.10.20 0:00:00;1973.7.1 0:00:00
"77777111130";"Mueller";"Klaus";"M";;1973.7.1 0:00:00
"800643";"Primavera";"Roberto";"M";1941.8.20 0:00:00;1973.7.1 0:00:00
"777774020";"Drosd";"Frantisek";"M";1915.1.28 0:00:00;1973.7.1 0:00:00
"300225";"Prandstetter";"Eduard";"M";1948.12.15 0:00:00;1973.7.1 0:00:00
"1200070";"Stoica";"Valentin";"M";1950.2.15 0:00:00;1973.7.1 0:00:00
"3100049";"Saracelo";"Felix";"M";;1973.7.1 0:00:00
"301833777";"Siroky";"Mojmir";"M";1929.2.6 0:00:00;1973.7.1 0:00:00
"300667";"Beil";"Zdenek";"M";1953.8.19 0:00:00;1973.7.1 0:00:00
"2900556";"Karapchanski";"Dimitar";"M";1947.4.30 0:00:00;1973.7.1 0:00:00
"301507";"Kriz";"Miroslav";"M";1939.12.11 0:00:00;1973.7.1 0:00:00
"2803585";"Murey";"Jacob";"M";1941.8.2 0:00:00;1973.7.1 0:00:00
"3200060";"Levin";"Naum L.";"M";1933.2.8 0:00:00;1973.7.1 0:00:00
"2901056";"Stankov";"Georgi";"M";1947.3.4 0:00:00;1973.7.1 0:00:00
"3800067";"Pesantes";"Carlos";"M";1951.9.28 0:00:00;1973.7.1 0:00:00
"2901510";"Sidyakov";"Borislav";"M";1935.1.21 0:00:00;1973.7.1 0:00:00
"2901501";"Kerchev";"Zlatozar";"M";1938.4.19 0:00:00;1973.7.1 0:00:00
"2900920";"Babev";"Aleksandar";"M";1943.7.11 0:00:00;1973.7.1 0:00:00
"2900777";"Prodanov";"Dimitar";"M";1952.12.6 0:00:00;1973.7.1 0:00:00
"2901951777";"Konstantinov";"Valentin";"M";1948.2.13 0:00:00;1973.7.1 0:00:00
"2901331";"Mandrow";"Dimitar";"M";1934.5.7 0:00:00;1973.7.1 0:00:00
"2901285";"Pantaleev";"Dimitar";"M";1930.6.12 0:00:00;1973.7.1 0:00:00
"300314";"Spacek";"Petr";"M";1954.2.26 0:00:00;1973.7.1 0:00:00
"7100256";"Sampouw";"Jacobus S";"M";1944.1.28 0:00:00;1973.7.1 0:00:00
"3400107";"Donoso Velasco";"Pedro H.";"M";1944.2.26 0:00:00;1973.7.1 0:00:00
"3400298";"Carvallo Avario";"Mauricio";"M";1944.11.21 0:00:00;1973.7.1 0:00:00
"3400263";"Melhuish Nunez";"Jose";"M";1933.9.3 0:00:00;1973.7.1 0:00:00
"3300056";"Carvajal Aliaga";"Juan";"M";1938.12.27 0:00:00;1973.7.1 0:00:00
"3400492";"Zuniga Rivera";"Edmundo";"M";1946.11.11 0:00:00;1973.7.1 0:00:00
"3501264";"Valdes-Castillo";"Arnaldo";"M";1947.10.6 0:00:00;1973.7.1 0:00:00
"700738";"Nagy";"Ervin";"M";1945.7.30 0:00:00;1973.7.1 0:00:00
"3200132";"Hay";"Trevor";"M";1945.10.17 0:00:00;1973.7.1 0:00:00
"701467";"Hradeczky";"Tamas";"M";1948.4.6 0:00:00;1973.7.1 0:00:00
"3400239";"Larrain Cadaiz";"Eugenio";"M";1937.11.21 0:00:00;1973.7.1 0:00:00
"701262";"Somogyi";"Istvan";"M";1934.10.9 0:00:00;1973.7.1 0:00:00
"7100132777";"Turalakev";"Sebastian";"M";;1973.7.1 0:00:00
"7100167";"Suradiradja";"Herman";"M";1947.10.14 0:00:00;1973.7.1 0:00:00
"701505";"Pogats";"Jozsef";"M";1928.7.10 0:00:00;1973.7.1 0:00:00
"700932";"Virag";"Ferenc";"M";1945.11.1 0:00:00;1973.7.1 0:00:00
"700924";"Szeles";"Karoly";"M";1946.3.18 0:00:00;1973.7.1 0:00:00
"3800121";"Villasante";"Andres";"M";1944.9.28 0:00:00;1973.7.1 0:00:00
"4600177";"Gutman";"Lev";"M";1945.9.26 0:00:00;1973.7.1 0:00:00
"1000900";"Marcus";"Joost";"M";1947.3.5 0:00:00;1973.7.1 0:00:00
"1001540";"Nijdam";"Wim";"M";1947.7.23 0:00:00;1973.7.1 0:00:00
"100226";"Emma";"Jaime";"M";1938.1.17 0:00:00;1973.7.1 0:00:00
"1000411";"Boersma";"Paulus A";"M";1948.7.16 0:00:00;1973.7.1 0:00:00
"101516";"Anelli";"Antonio";"M";1944.5.11 0:00:00;1973.7.1 0:00:00
"102261";"Castillo";"Carlos";"M";1936.9.15 0:00:00;1973.7.1 0:00:00
"1000616";"Timman";"Anton P";"M";1948.7.1 0:00:00;1973.7.1 0:00:00
"4700112";"Omari";"Aldo";"M";;1973.7.1 0:00:00
"1000810";"Van Dop";"Arend J";"M";1950.7.3 0:00:00;1973.7.1 0:00:00
"102130";"Bulcourf";"Carlos";"M";1939.3.3 0:00:00;1973.7.1 0:00:00
"102580";"De Kirchmayr";"Emilio";"M";1930.9.29 0:00:00;1973.7.1 0:00:00
"101605777";"Garcia";"Horacio";"M";1943.8.10 0:00:00;1973.7.1 0:00:00
"1000667";"Witt";"Rob";"M";1950.10.3 0:00:00;1973.7.1 0:00:00
"4900120";"Niamdorzi";"Cagaan";"F";1940.1.1 0:00:00;1973.7.1 0:00:00
"4900049";"Jigjidsuren";"Purev";"M";1947.4.20 0:00:00;1973.7.1 0:00:00
"4700015";"Muco";"Fatos";"M";1949.4.17 0:00:00;1973.7.1 0:00:00
"500216";"Sorri";"Kari Juhani";"M";1941.10.25 0:00:00;1973.7.1 0:00:00
"1000039";"Sosonko";"Gennadi";"M";1943.5.18 0:00:00;1973.7.1 0:00:00
"5500117777";"Drira";"Mahmoud";"M";;1973.7.1 0:00:00
"702170777";"Balogh";"Bela";"M";1931.2.17 0:00:00;1973.7.1 0:00:00
"1400240";"Sloth";"Jorn";"M";1944.9.5 0:00:00;1973.7.1 0:00:00
"3500152";"Fernandez Gonzalez";"Juan Carlos";"M";1951.8.2 0:00:00;1973.7.1 0:00:00
"5800021";"Lim";"Seng-Hoo";"M";1956.6.1 0:00:00;1973.7.1 0:00:00
"6000010";"Kan";"Wai Shui";"M";1944.9.20 0:00:00;1973.7.1 0:00:00
"6300235777";"Uzman";"D";"M";;1973.7.1 0:00:00
"603252";"Vaiser";"Anatoli V";"M";1949.3.5 0:00:00;1973.7.1 0:00:00
"100722";"Hase";"Juan Carlos";"M";1948.4.24 0:00:00;1973.7.1 0:00:00
"600652";"Letzelter";"Jean-Claude";"M";1940.4.25 0:00:00;1973.7.1 0:00:00
"102172";"Marcussi";"Bartolome";"M";1933.4.26 0:00:00;1973.7.1 0:00:00
"5300037";"Loheac-Amoun";"Frank";"M";1950.1.17 0:00:00;1973.7.1 0:00:00
"5100100";"Campos Lopez";"Mario";"M";1943.5.15 0:00:00;1973.7.1 0:00:00
"5500125";"Lagha";"Khelil";"M";;1973.7.1 0:00:00
"900184";"Simic";"Radoslav";"M";1948.6.9 0:00:00;1973.7.1 0:00:00
"3500969";"Garcia";"Wilfredo";"M";1954.11.23 0:00:00;1973.7.1 0:00:00
"100811";"Mazzoleni";"Julio";"M";1930.8.14 0:00:00;1973.7.1 0:00:00
"102008";"Casas";"Fernando";"M";1926.8.21 0:00:00;1973.7.1 0:00:00
"600091";"Haik";"Aldo";"M";1952.10.19 0:00:00;1973.7.1 0:00:00
"1401041";"Auchenberg";"Per";"M";1953.4.15 0:00:00;1973.7.1 0:00:00
"1100319";"Pinkas";"Karol";"M";1950.2.13 0:00:00;1973.7.1 0:00:00
"1100157";"Nowak";"Ignacy";"M";1949.1.12 0:00:00;1973.7.1 0:00:00
"1100327";"Schinzel";"Wladyslaw";"M";1943.5.22 0:00:00;1973.7.1 0:00:00
"1100050";"Sznapik";"Aleksander";"M";1951.2.10 0:00:00;1973.7.1 0:00:00
"14000083";"Kudriashov";"Anatoli";"M";1942.4.17 0:00:00;1973.7.1 0:00:00
"13400177";"Pavlenko";"Oleg";"M";1942.1.1 0:00:00;1973.7.1 0:00:00
"1400894";"Brondum";"Eric";"M";1941.12.16 0:00:00;1973.7.1 0:00:00
"1100181";"Maciejewski";"Andrzej";"M";1951.7.9 0:00:00;1973.7.1 0:00:00
"1400533";"Poulsen";"Allan";"M";1948.6.19 0:00:00;1973.7.1 0:00:00
"14000024";"Kakageldyev";"Amanmurad";"M";1949.12.28 0:00:00;1973.7.1 0:00:00
"1401149";"Buch";"Ole";"M";1940.9.7 0:00:00;1973.7.1 0:00:00
"1400398";"Iskov";"Gert";"M";1948.7.28 0:00:00;1973.7.1 0:00:00
"13700200";"Katalymov";"Boris N";"M";1932.6.13 0:00:00;1973.7.1 0:00:00
"500038";"Rantanen";"Yrjo A.";"M";1950.4.23 0:00:00;1973.7.1 0:00:00
"5200210";"Cardoso";"RodolfoTan";"M";1937.12.25 0:00:00;1973.7.1 0:00:00
"13800035";"Zilberman";"Nathan R";"M";1940.5.3 0:00:00;1973.7.1 0:00:00
"1400096";"Ost-Hansen";"Jacob";"M";1952.8.18 0:00:00;1973.7.1 0:00:00
"1400614";"Rosenlund";"Thorbjorn";"M";1951.6.18 0:00:00;1973.7.1 0:00:00
"903094";"Jovic";"Ljubomir";"M";1942.7.22 0:00:00;1973.7.1 0:00:00
"500089";"Saren";"Ilkka J.";"M";1940.5.16 0:00:00;1973.7.1 0:00:00
"909009";"Petrovic";"Vladimir";"M";1955.2.10 0:00:00;1973.7.1 0:00:00
"1100670";"Kruszynski";"Wlodzimierz";"M";1951.6.15 0:00:00;1973.7.1 0:00:00
"903787";"Cabarkapa";"Milenko";"M";1938.7.24 0:00:00;1973.7.1 0:00:00
"9849";"Garcia Gonzales";"Guillermo";"M";1953.12.9 0:00:00;1973.7.1 0:00:00
"500194";"Kanko";"Ilkka";"M";1934.11.22 0:00:00;1973.7.1 0:00:00
"900869";"Velickovic";"Sasa";"M";1951.4.1 0:00:00;1973.7.1 0:00:00
"905291";"Ilijic";"Milan";"M";1936.10.27 0:00:00;1973.7.1 0:00:00
"902829";"Bojkovic";"Slobodan";"M";1945.7.26 0:00:00;1973.7.1 0:00:00
"907804";"Pavlovic";"Slobodan";"M";1939.7.31 0:00:00;1973.7.1 0:00:00
"1101048";"Zoltek";"Tadeusz";"M";1937.8.31 0:00:00;1973.7.1 0:00:00
"922781";"Krstic";"Slobodan";"M";1948.10.20 0:00:00;1973.7.1 0:00:00
"1100688";"Bernard";"Ryszard";"M";1944.8.21 0:00:00;1973.7.1 0:00:00
"903140";"Marjan";"Dusan";"M";1935.11.23 0:00:00;1973.7.1 0:00:00
"1101455";"Dobrzynski";"Wojciech";"M";1941.2.28 0:00:00;1973.7.1 0:00:00
"1102664";"Pioch";"Zygmunt";"M";1939.10.30 0:00:00;1973.7.1 0:00:00
"1100815";"Lokasto";"Anatol";"M";1946.7.2 0:00:00;1973.7.1 0:00:00
"900737";"Djukic";"Zeljko";"M";1948.9.30 0:00:00;1973.7.1 0:00:00
"1300393";"Vucenovic";"Dragomir";"M";1941.3.25 0:00:00;1974.5.1 0:00:00
"2000466";"Weinstein";"Norman";"M";1950.10.4 0:00:00;1974.5.1 0:00:00
"2000229";"Peters";"John A";"M";1951.2.10 0:00:00;1974.5.1 0:00:00
"2009153";"Trujillo";"Omar";"M";1951.5.21 0:00:00;1974.5.1 0:00:00
"2000296";"Meyer";"Eugene B";"M";1952.6.27 0:00:00;1974.5.1 0:00:00
"2000059";"Christiansen";"Larry M";"M";1956.6.27 0:00:00;1974.5.1 0:00:00
"2000504";"Zaltsman";"Vitaly F";"M";1941.10.26 0:00:00;1974.5.1 0:00:00
"2000873";"Grefe";"John A";"M";1947.9.6 0:00:00;1974.5.1 0:00:00
"2001683";"Thornally";"Frank";"M";1944.1.13 0:00:00;1974.5.1 0:00:00
"2000580";"Matera";"Salvatore J.";"M";1951.2.5 0:00:00;1974.5.1 0:00:00
"1800027";"Cooper";"John G";"M";1954.5.14 0:00:00;1974.5.1 0:00:00
"1300865";"Goldberger";"Ernst";"M";1931.6.24 0:00:00;1974.5.1 0:00:00
"1300458";"Roth";"Rolf";"M";1938.6.2 0:00:00;1974.5.1 0:00:00
"1300342";"Preissmann";"Emmanuel";"M";1950.6.4 0:00:00;1974.5.1 0:00:00
"1300164";"Luginbuhl";"Erwin";"M";1939.4.20 0:00:00;1974.5.1 0:00:00
"2300397777";"Hansson";"Dan";"M";1952.6.10 0:00:00;1974.5.1 0:00:00
"2300605";"Gudmundsson";"Kristjan";"M";1953.8.6 0:00:00;1974.5.1 0:00:00
"2300907";"Halldorsson";"Bragi";"M";1949.3.29 0:00:00;1974.5.1 0:00:00
"2002019";"Gilden";"Lawrence C";"M";1942.9.25 0:00:00;1974.5.1 0:00:00
"4611993";"Syre";"Christian";"M";1954.4.5 0:00:00;1974.5.1 0:00:00
"2300613";"Magnusson";"Gylfi";"M";1930.5.5 0:00:00;1974.5.1 0:00:00
"2300176";"Bjarnason";"Saevar";"M";1954.7.18 0:00:00;1974.5.1 0:00:00
"2300133";"Asmundsson";"Ingvar";"M";1934.7.10 0:00:00;1974.5.1 0:00:00
"14100550";"Gergel";"Vladimir P";"M";1939.10.17 0:00:00;1974.5.1 0:00:00
"2300745777";"Thorleifsson";"Karl";"M";1927.10.15 0:00:00;1974.5.1 0:00:00
"3500039";"Rodriguez Cepedes";"Amador";"M";1956.9.8 0:00:00;1974.5.1 0:00:00
"3600130";"Garces";"Napoleon";"M";;1974.5.1 0:00:00
"4611349";"Paehtz";"Thomas";"M";1956.9.4 0:00:00;1974.5.1 0:00:00
"4611810";"Pfeil";"Hartmut";"M";;1974.5.1 0:00:00
"4603265";"Mack";"Peter";"M";1954.12.28 0:00:00;1974.5.1 0:00:00
"4611705";"Csulits";"Anton";"M";1942.4.3 0:00:00;1974.5.1 0:00:00
"4612094";"Rossmann";"Helmut";"M";1956.6.28 0:00:00;1974.5.1 0:00:00
"4606515";"Hollig";"Klaus";"M";1953.4.21 0:00:00;1974.5.1 0:00:00
"4611268";"Boensch";"Uwe";"M";1958.10.15 0:00:00;1974.5.1 0:00:00
"4611489";"Braun";"Gottfried";"M";1933.6.30 0:00:00;1974.5.1 0:00:00
"2001730";"Karklins";"Andrew";"M";1947.4.14 0:00:00;1974.5.1 0:00:00
"14105586";"Shianovsky";"Vladislav I";"M";1929.12.22 0:00:00;1974.5.1 0:00:00
"14100312";"Legky";"Nikolay A";"M";1955.4.11 0:00:00;1974.5.1 0:00:00
"14602385";"Mikhalchishin";"Adrian";"M";1954.11.18 0:00:00;1974.5.1 0:00:00
"14900238";"Petrik";"Karol";"M";1951.8.19 0:00:00;1974.5.1 0:00:00
"1500350";"Ulrichsen";"Jarl H";"M";1947.7.15 0:00:00;1974.5.1 0:00:00
"2000652";"Diesen";"Mark C";"M";1957.9.16 0:00:00;1974.5.1 0:00:00
"2001446";"Dake";"Arthur William";"M";1910.4.8 0:00:00;1974.5.1 0:00:00
"2001640";"Formanek";"Edward W";"M";1942.5.6 0:00:00;1974.5.1 0:00:00
"2001659";"Kane";"George Francis";"M";1948.8.11 0:00:00;1974.5.1 0:00:00
"4611829";"Starck";"Bodo";"M";1934.10.13 0:00:00;1974.5.1 0:00:00
"4107594";"Shishkov";"Viktor";"M";1938.8.17 0:00:00;1974.5.1 0:00:00
"4108647";"Orlov";"Vsevolod";"M";1923.1.1 0:00:00;1974.5.1 0:00:00
"4103130";"Kochner";"A";"M";;1974.5.1 0:00:00
"401145";"De Veauce";"Louis";"M";;1974.5.1 0:00:00
"4107713";"Petukhov";"Valery";"M";1949.5.26 0:00:00;1974.5.1 0:00:00
"4102932";"Pukshansky";"Mikhail B";"M";1952.2.6 0:00:00;1974.5.1 0:00:00
"401455";"Perkins";"Alan H.";"M";1949.3.19 0:00:00;1974.5.1 0:00:00
"4100638";"Sveshnikov";"Evgeny";"M";1950.2.11 0:00:00;1974.5.1 0:00:00
"4106083";"Chudinovskikh";"Alexander M.";"M";1957.7.15 0:00:00;1974.5.1 0:00:00
"4100417";"Machulsky";"Anatoly D";"M";1956.9.24 0:00:00;1974.5.1 0:00:00
"4102770";"Popov";"Yuri N";"M";1931.1.1 0:00:00;1974.5.1 0:00:00
"4102258";"Shestoperov";"Aleksej";"M";1935.6.25 0:00:00;1974.5.1 0:00:00
"400319777";"Webb";"Simon";"M";1949.6.10 0:00:00;1974.5.1 0:00:00
"4102320";"Godes";"Dmitry R";"M";1939.7.26 0:00:00;1974.5.1 0:00:00
"4102819";"Stoliar";"Efim Samoilovich";"M";1923.3.10 0:00:00;1974.5.1 0:00:00
"4102401";"Mishuchkov";"Nikolai M";"M";1946.2.28 0:00:00;1974.5.1 0:00:00
"4106180";"Listergarten";"Leonid B";"M";1935.6.16 0:00:00;1974.5.1 0:00:00
"4106253";"Veksler";"Aleksander L";"M";1939.1.1 0:00:00;1974.5.1 0:00:00
"4106490777";"Shteiner";"David";"M";;1974.5.1 0:00:00
"4102754777";"Muratov";"Vladimir A.";"M";1935.11.14 0:00:00;1974.5.1 0:00:00
"700681";"Eperjesi";"Laszlo";"M";1943.5.16 0:00:00;1974.5.1 0:00:00
"3500853777";"Hernandez Padron";"Sergio";"M";1954.10.9 0:00:00;1974.5.1 0:00:00
"4104129";"Cherenkov";"A";"M";;1974.5.1 0:00:00
"2100541";"Carvalho";"Herbert Abreu";"M";1954.9.30 0:00:00;1974.5.1 0:00:00
"4612264";"Litkiewicz";"Kurt";"M";1934.5.18 0:00:00;1974.5.1 0:00:00
"4614283";"Boehlig";"Heinz";"M";1943.9.22 0:00:00;1974.5.1 0:00:00
"2801329";"Mart";"Avner";"M";1944.4.26 0:00:00;1974.5.1 0:00:00
"2800225";"Alterman";"Vladimir I";"M";1942.3.27 0:00:00;1974.5.1 0:00:00
"2801566";"Rajna";"George";"M";1947.2.14 0:00:00;1974.5.1 0:00:00
"2800438";"Gelfer";"Israel";"M";1945.8.15 0:00:00;1974.5.1 0:00:00
"4400062";"Agudelo";"Antonio";"M";1954.1.1 0:00:00;1974.5.1 0:00:00
"4400020";"Garcia";"Gildardo";"M";1954.3.9 0:00:00;1974.5.1 0:00:00
"2100177";"Nobrega";"Adauctoda W.";"M";1939.2.18 0:00:00;1974.5.1 0:00:00
"4103491";"Ostrovsky";"Alexander";"M";1937.12.30 0:00:00;1974.5.1 0:00:00
"2100428";"Pinto Paiva";"Jose";"M";;1974.5.1 0:00:00
"4103521";"Sorokin";"Garald K.";"M";1939.1.30 0:00:00;1974.5.1 0:00:00
"2100576";"Araujo";"Rodolfo";"M";1948.1.10 0:00:00;1974.5.1 0:00:00
"2201003";"Bartrina";"Modesto";"M";;1974.5.1 0:00:00
"2200996";"Pijuan Herranz";"Manuel";"M";1949.8.6 0:00:00;1974.5.1 0:00:00
"2200147";"Sanz Alonso";"Francisco J.";"M";1952.12.13 0:00:00;1974.5.1 0:00:00
"2201232";"Merino Mejuto";"Domingo";"M";1939.6.21 0:00:00;1974.5.1 0:00:00
"4101294";"Tuzovsky";"Aleksander I";"M";1945.2.12 0:00:00;1974.5.1 0:00:00
"4102002";"Kuyindzhi";"Alexander A";"M";1942.1.1 0:00:00;1974.5.1 0:00:00
"4101995777";"Korensky";"Valeri S.";"M";1940.8.26 0:00:00;1974.5.1 0:00:00
"4103742777";"Soloviev";"Vladimir A.";"M";1928.2.22 0:00:00;1974.5.1 0:00:00
"2300842";"Fridjonsson";"Julius";"M";1950.9.6 0:00:00;1974.5.1 0:00:00
"2100231";"Dumont";"Sad Glasser";"M";1957.1.13 0:00:00;1974.5.1 0:00:00
"777778100";"Isvoschikov";"Alexander";"M";1940.1.1 0:00:00;1974.5.1 0:00:00
"777773020";"Fiori de Azevedo";"Pio";"M";1905.4.20 0:00:00;1974.5.1 0:00:00
"1200194";"Grunberg";"Sergiu-Henric";"M";1947.7.27 0:00:00;1974.5.1 0:00:00
"11600420";"Zolotonos";"Leonid";"M";1950.11.3 0:00:00;1974.5.1 0:00:00
"1700944";"Helmertz";"Per-Inge";"M";1949.3.11 0:00:00;1974.5.1 0:00:00
"1701002";"Stenborg";"Ake";"M";1926.2.27 0:00:00;1974.5.1 0:00:00
"1600311";"Watzka";"Horst";"M";1938.9.13 0:00:00;1974.5.1 0:00:00
"1700685";"Wahlbom";"Magnus";"M";1945.5.15 0:00:00;1974.5.1 0:00:00
"1701410777";"Fridh";"Anton";"M";1919.12.20 0:00:00;1974.5.1 0:00:00
"1700308";"Eslon";"Jaan";"M";1952.3.4 0:00:00;1974.5.1 0:00:00
"11600110";"Petkevich";"Jusefs";"M";1940.12.19 0:00:00;1974.5.1 0:00:00
"777771236";"Ljungdahl";"John Bertil";"M";1935.12.8 0:00:00;1974.5.1 0:00:00
"3400220";"Baccelliere Pena";"Mario E.";"M";1953.12.5 0:00:00;1974.5.1 0:00:00
"777771698";"Reinhardt";"Enrique";"M";1903.3.29 0:00:00;1974.5.1 0:00:00
"777771700";"Rellstab";"Ludwig";"M";1904.11.23 0:00:00;1974.5.1 0:00:00
"777771558";"Perenyi";"Bela";"M";1953.10.20 0:00:00;1974.5.1 0:00:00
"777776040";"Euwe";"Max";"M";1901.5.20 0:00:00;1974.5.1 0:00:00
"77777603";"Garcia";"Gilberto";"M";1919.9.2 0:00:00;1974.5.1 0:00:00
"777772068";"Van Den Berg";"G.A.";"M";;1974.5.1 0:00:00
"777771237";"Ljungquist";"Lennart";"M";1931.9.5 0:00:00;1974.5.1 0:00:00
"7777757";"Antonov";"Liudmil";"M";1932.5.25 0:00:00;1974.5.1 0:00:00
"777771855";"Sigurjonsson";"Bjorn";"M";1949.1.26 0:00:00;1974.5.1 0:00:00
"1700952";"Lekander";"Rolf";"M";1947.1.2 0:00:00;1974.5.1 0:00:00
"700304";"Petran";"Pal";"M";1946.9.15 0:00:00;1974.5.1 0:00:00
"3501175";"Pelaez Villalba";"Armando Manuel";"M";1952.9.24 0:00:00;1974.5.1 0:00:00
"700673";"Varnusz";"Egon";"M";1933.11.15 0:00:00;1974.5.1 0:00:00
"2900769";"Petrov";"Petar G.";"M";1948.1.1 0:00:00;1974.5.1 0:00:00
"301230777";"Pithart";"Frantisek";"M";1915.10.20 0:00:00;1974.5.1 0:00:00
"2900688";"Todorov";"Todor Spirov";"M";1945.12.3 0:00:00;1974.5.1 0:00:00
"2900327";"Antonov";"Vladimir";"M";1949.11.10 0:00:00;1974.5.1 0:00:00
"2901978";"Slavov";"Dimcho";"M";1948.12.5 0:00:00;1974.5.1 0:00:00
"2900033";"Inkiov";"Ventzislav";"M";1956.5.19 0:00:00;1974.5.1 0:00:00
"2900971";"Pipkov";"Liuben";"M";1937.3.7 0:00:00;1974.5.1 0:00:00
"1203363";"Suba";"Mihai";"M";1947.6.1 0:00:00;1974.5.1 0:00:00
"702579";"Sallay";"Roland";"M";1911.1.11 0:00:00;1974.5.1 0:00:00
"3400328";"Orpinas Konnig";"Claudio";"M";1950.9.19 0:00:00;1974.5.1 0:00:00
"703648";"Muller";"Laszlo";"M";1920.9.25 0:00:00;1974.5.1 0:00:00
"700355";"Szilagyi";"Peter";"M";1937.10.30 0:00:00;1974.5.1 0:00:00
"700177";"Hazai";"Laszlo";"M";1953.6.14 0:00:00;1974.5.1 0:00:00
"703559";"Cuibus";"Janos";"M";1923.8.23 0:00:00;1974.5.1 0:00:00
"700045";"Pinter";"Jozsef";"M";1953.11.9 0:00:00;1974.5.1 0:00:00
"701491";"Ortel";"Endre";"M";1948.4.10 0:00:00;1974.5.1 0:00:00
"700223";"Horvath";"Gyula";"M";1951.5.28 0:00:00;1974.5.1 0:00:00
"701696";"Gasztonyi";"Andre";"M";1931.3.1 0:00:00;1974.5.1 0:00:00
"3400131";"Stekel-Grunberg";"Moises";"M";1936.10.1 0:00:00;1974.5.1 0:00:00
"700339";"Meleghegyi";"Csaba";"M";1941.9.15 0:00:00;1974.5.1 0:00:00
"5800013";"Leow";"Leslie M";"M";1956.10.18 0:00:00;1974.5.1 0:00:00
"100617";"Leskovar";"Mario";"M";1950.10.12 0:00:00;1974.5.1 0:00:00
"101478";"Morgado";"Juan J.";"M";1947.2.2 0:00:00;1974.5.1 0:00:00
"103896777";"Bazan";"Osvaldo";"M";1934.10.14 0:00:00;1974.5.1 0:00:00
"1000179";"Ligterink";"Gert";"M";1949.11.17 0:00:00;1974.5.1 0:00:00
"100480";"Frayle";"Jorge";"M";1949.10.21 0:00:00;1974.5.1 0:00:00
"101494";"Rebizzo";"Cayetano";"M";1908.8.7 0:00:00;1974.5.1 0:00:00
"1000772";"Baljon";"Christofoor";"M";1953.6.25 0:00:00;1974.5.1 0:00:00
"1000705";"Van Reek";"Jan";"M";1945.7.10 0:00:00;1974.5.1 0:00:00
"600938";"Meinsohn";"Francis";"M";1950.12.6 0:00:00;1974.5.1 0:00:00
"101311";"Szlos";"Leonardo";"M";1947.12.20 0:00:00;1974.5.1 0:00:00
"604011";"Dorfman";"Iossif D";"M";1953.5.1 0:00:00;1974.5.1 0:00:00
"101303";"Steinbaum";"Fernando";"M";1938.9.27 0:00:00;1974.5.1 0:00:00
"601837";"Puhm";"Alar";"M";1945.12.12 0:00:00;1974.5.1 0:00:00
"600296";"Vaisman";"Volodia";"M";1937.12.25 0:00:00;1974.5.1 0:00:00
"601080";"Bessenay";"Maurice";"M";1954.10.20 0:00:00;1974.5.1 0:00:00
"3500748";"Triana";"Justo";"M";1952.7.19 0:00:00;1974.5.1 0:00:00
"3500730";"Ramos";"Juan";"M";1971.1.1 0:00:00;1974.5.1 0:00:00
"7777746";"Amado";"Claudio";"M";1944.3.19 0:00:00;1974.5.1 0:00:00
"3500560";"Soler Duruty";"Alberto";"M";1948.8.7 0:00:00;1974.5.1 0:00:00
"3400140";"Cordova Valle";"Sergio";"M";1949.6.8 0:00:00;1974.5.1 0:00:00
"3500721";"Hernandez";"Jose J";"M";1951.1.19 0:00:00;1974.5.1 0:00:00
"602400";"Benoit";"Michel";"M";1949.1.18 0:00:00;1974.5.1 0:00:00
"1103407";"Pilot";"Jerzy";"M";1935.11.18 0:00:00;1974.5.1 0:00:00
"777778213";"Petrov";"Anatoly";"M";1936.1.19 0:00:00;1974.5.1 0:00:00
"77777480";"Ekenberg";"Bengt";"M";1912.6.27 0:00:00;1974.5.1 0:00:00
"13500376";"Roizman";"Abram Y";"M";1932.7.20 0:00:00;1974.5.1 0:00:00
"600210";"Seret";"Jean-Luc";"M";1951.9.14 0:00:00;1974.5.1 0:00:00
"101133";"Aparicio";"Anibal";"M";1947.6.16 0:00:00;1974.5.1 0:00:00
"13600290777";"Kalatozishvili";"Guram";"M";1937.5.11 0:00:00;1974.5.1 0:00:00
"1400428";"Moller";"Lars";"M";;1974.5.1 0:00:00
"13500104";"Shereshevski";"Mikhail";"M";1950.4.22 0:00:00;1974.5.1 0:00:00